evidence_id,claim_id,module,server,source_tier,evidence_confidence,source_title,source_url,source_locator,published_date,published_date_precision,verified_date,claim_summary,limitations,affected_files,status
ev001,CLM-ANCHOR-WAKANA,baseline,JP,OFFICIAL,A,日服官網 2026/03/03 公告（期間限定キャラ「ワカナ（ウィンター）」登場！ピックアップガチャ開催！）,https://priconne-redive.jp/news/information/35568/,jp_official_35568,2026-03-03,DAY,2026-08-04,日服期間限定角色「ワカナ（ウィンター）」PU轉蛋 2026/03/03(火)12:00～2026/03/16(月)09:59；角色劇情第1話需劇情活動「爆熱！ピーチクラッシュ・トーナメント ワカナ＆シオリのHIP＆SPLASH」之エンディング（2026/03/23 05:00起免條件開放）,無（2026-08-04 R3g 官方直頁重新實開並逐段核對；OPENED_AND_VERIFIED_IN_R3G）。原記 published_date=2026-02／MONTH 為精度與事實錯誤，本輪更正為 2026-03-03／DAY,02;12,ACTIVE
ev002,CLM-ANCHOR-WAKANA,baseline,TW,OFFICIAL,A,台服官網 2026/07/03 公告（《精選轉蛋》期間限定角色「若菜（冬日）」登場！機率UP活動舉辦預告！）,https://www.princessconnect.so-net.tw/news/newsDetail/3925,tw_official_notice_3925,2026-07-03,DAY,2026-08-04,公告日 2026/07/03；台服期間限定角色「若菜（冬日）」精選轉蛋 2026/07/04 16:00～2026/07/17 15:59；角色劇情第1話需劇情活動「爆熱！蜜桃碰撞淘汰賽 若菜＆栞的HIP＆SPLASH」終幕（2026/07/24 05:00起免條件開放）；同期自選獎勵候補＝安涅默涅（夏日）／可璃亞（夏日）／千歌（祭服）／蘭法（祭服）,無（2026-08-04 R3g 官方直頁完整開啟；OPENED_AND_VERIFIED_IN_R3G）。公告日與開池日分離記錄：published_date＝公告日 2026-07-03，開池日 2026-07-04 僅記於 claim_summary 與 Claim，兩者不得混用。原 source_url 指向新聞列表首頁、locator 空白，本輪更正,02;12,ACTIVE
ev003,CLM-ANCHOR-EXPT,baseline,JP,OFFICIAL,A,日服官網34623,https://priconne-redive.jp/news/information/34623,official_notice_34623,2025-12-26,DAY,2026-07-16,交換Pt道具機制 2025/12/31 實裝；200Pt兌換明載,無,02;03;43,ACTIVE
ev004,CLM-ANCHOR-EXPT,baseline,TW,OFFICIAL,A,台服官網3765,https://princessconnect.so-net.tw/news/newsDetail/3765,tw_official_notice_3765,2026-03-15,DAY,2026-07-16,同機制台服 2026/03/16 實裝；200Pt；免費10連亦累積Pt,無,02;03;43,ACTIVE
ev005,CLM-PITY-HIST300,gacha,JP,OFFICIAL,A,日服官網3467,https://priconne-redive.jp/news/information/3467,official_notice_3467,2019-02-16,DAY,2026-07-16,2019年キャラ交換為300Pt（舊制）,下修至200的變更日期未查,03;43,ACTIVE
ev006,CLM-DEEP-JPNAME,glossary,JP,OFFICIAL,A,日服官網 深域クエスト,https://priconne-redive.jp,,2024-02,MONTH,2026-07-16,深域クエスト正式名；主線63-1後解鎖；每關可借1名支援且次數無上限,無,03;20,ACTIVE
ev007,CLM-TW-DEEP-LAUNCH,baseline,TW,OFFICIAL,A,台服官網2868,https://princessconnect.so-net.tw/news/newsDetail/2868,tw_official_notice_2868,2024-06,MONTH,2026-07-16,台服深域冒險2024/6大型更新實裝；屬性系統；Lv/RANK同步；大師碎片規則,無,02;03,ACTIVE
ev008,CLM-TW-DEEP-A8,baseline,TW,OFFICIAL,A,台服官網3614,https://princessconnect.so-net.tw/news/newsDetail/3614,tw_official_notice_3614,2025-11-14,DAY,2026-07-16,台服深域第8區 2025/11/15 開放（五屬性 8-1～8-10）,2026年是否再追加待查,02;22,ACTIVE
ev009,CLM-JP-DEEP-A10,baseline,JP,MAJOR_GUIDE,D,GameWith 深域頁,https://gamewith.jp/pricone-re,,2026-03,MONTH,2026-07-16,日服深域第10區 2026/3/16 追加,單一攻略站；官方公告待補,02,ACTIVE
ev010,CLM-SHEFI-DATE,gacha,JP,OFFICIAL,A,日服官方X,https://x.com/priconne_redive/status/2071792124971110672,x_post_2071792124971110672,2026-06-30,DAY,2026-07-16,シェフィ（ヴァードラッヘ）06/30 登場,無,12;41,ACTIVE
ev011,CLM-SHEFI-EVAL-PVE,gacha,JP,MAJOR_GUIDE,D,GameWith 評價頁565564,https://gamewith.jp/pricone-re/article/show/565564,gamewith_article_565564,2026-07,MONTH,2026-07-16,單體／複數兩用attacker；UB4回後氷竜超克追傷；單體Boss頂級；深域道中最適候補；自身無防debuff,單一攻略站,41;44,ACTIVE
ev012,CLM-SHEFI-EVAL-PVE,gacha,JP,SINGLE_PLAYER_REPORT,D,YouTube 性能解說,https://youtube.com/watch?v=Fg6zgqwiz6E,,2026-07,MONTH,2026-07-16,闇屬性；全攻擊追擊；「最強泛用attacker」評價與ev011方向一致,單一影片；屬性標註待官方頁核對,41;44,ACTIVE
ev013,CLM-LUISE-DATE,gacha,JP,OFFICIAL,A,日服官網news列表,https://priconne-redive.jp/news/information/,,2026-07-03,DAY,2026-07-16,期間限定ルイズマリー（サマー）7/3 開池,無,12;41,ACTIVE
ev014,CLM-LUISE-EVAL,gacha,JP,MAJOR_GUIDE,D,GameWith ガチャ解說111249,https://gamewith.jp/pricone-re/article/show/111249,gamewith_article_111249,2026-07,MONTH,2026-07-16,單體Boss水魔法buffer；火力／耐久支援平衡；非必須級；持有主要水魔角則餘裕再抽,單一攻略站,41;44,ACTIVE
ev015,CLM-JPARENA-META,arena,JP,MAJOR_GUIDE,D,GameWith アリーナ攻めPT 94606,https://gamewith.jp/pricone-re/article/show/94606,gamewith_article_94606,2026-07,MONTH,2026-07-16,進攻原型與常見防守核心：レイ（アストラル）／水着ミソギ／ミフユ／ネビア／水着ハツネ等,單一攻略站；快照需交叉驗證,32,ACTIVE
ev016,CLM-JPARENA-TOOL,arena,JP,MAJOR_GUIDE,D,AppMedia アリーナ突破檢索工具,https://appmedia.jp/priconne-redive/4466131,,2026-07-15,DAY,2026-07-16,AppMedia 反制檢索工具活躍（2026/07/15 更新）且可玩家投稿,頁面自述；逐頁人工開啟待驗,34;01,ACTIVE
ev017,CLM-TWARENA-2409,arena,TW,MULTI_PLAYER_REPORT,D,巴哈 snA=34029 2024.9攻防構築,https://forum.gamer.com.tw/C.php?bsn=30861&snA=34029,bahamut_snA_34029,2024-09-02,DAY,2026-07-16,台服2024/9公競攻防構築；盲打防守約6成勝率；練度前提明確,資料日期2024/9；現行環境需重驗,32,ACTIVE
ev018,CLM-NOMAE-STALE,arena,JP,MULTI_PLAYER_REPORT,D,Yahoo知恵袋等社群回報,https://detail.chiebukuro.yahoo.co.jp,,2023-10,MONTH,2026-07-16,nomae arenadb 約2020/11後停更；日服玩家轉用pcrdfans,社群回報非官方,34;01,ACTIVE
ev019,CLM-PCRDFANS-TW,arena,UNKNOWN,STRUCTURED_DB,D,pcrdfans /jp/battle 頁面,https://pcrdfans.com/jp/battle,,2026,YEAR,2026-07-16,站內伺服器篩選含 JP/CN/TW/Global,簡中營運站台；逐筆紀錄伺服器仍需確認；頁面直接可驗,34;01,ACTIVE
ev020,CLM-SCHED-2020,baseline,TW,MULTI_PLAYER_REPORT,D,巴哈 snA=530 停更宣告,https://forum.gamer.com.tw/C.php?bsn=30861&snA=530,bahamut_snA_530,2020-11-17,DAY,2026-07-16,因台服頻繁更改卡池順序與部分卡池未出導致預測困難而停更,單串；但為公開停更宣告全文,02,ACTIVE
ev021,CLM-SCHED-2025,baseline,TW,MULTI_PLAYER_REPORT,D,巴哈 snA=27653 停更宣告,https://forum.gamer.com.tw/C.php?bsn=30861&snA=27653,bahamut_snA_27653,2025-04-19,DAY,2026-07-16,第二代卡池整理串 2025/4 停更（維護動力因素）,停更原因非排程混亂,02,ACTIVE
ev022,CLM-SEASONPASS,baseline,JP,MAJOR_GUIDE,D,GameWith イベント一覧93857,https://gamewith.jp/pricone-re/article/show/93857,gamewith_article_93857,2026-04,MONTH,2026-07-16,シーズンパス S1=2/28 S5=6/30（約月更）；儀装束コッコロ/ユイ專2；ガルパン聯動；アストライアリング反映クラバト,單一攻略站,02;03,ACTIVE
ev023,CLM-FES-ROSTER,glossary,JP,OFFICIAL,A,日服官網35012 交換券對象,https://priconne-redive.jp/news/information/35012,official_notice_35012,2026-02,MONTH,2026-07-16,フェス限定+對象含ライラエル／ネフィ＝ネラ／シェフィ（プリンセス）等（2026/02時點）,無,03;12,ACTIVE
ev024,CLM-TW-CURRENT-0717,baseline,TW,OFFICIAL,A,台服官網news列表,https://princessconnect.so-net.tw/news,,2026-07,MONTH,2026-07-16,7月現況：若菜（冬日）池／艾爾皮斯討魔戰線／深淵討伐戰／巡遊S12／WebStore,無,02,ACTIVE
ev025,CLM-JP-CURRENT-0717,baseline,JP,OFFICIAL,A,日服官網news列表,https://priconne-redive.jp/news/information/,,2026-07,MONTH,2026-07-16,7/3 ルイズマリー（サマー）池＋專1追加＋選べるプライズ；6/30 更新,無,02,ACTIVE
ev026,CLM-JP-CURRENT-0717,baseline,JP,MAJOR_GUIDE,D,GameWith 565564 註記,https://gamewith.jp/pricone-re/article/show/565564,gamewith_article_565564,2026-07-15,DAY,2026-07-16,7/15 新裝備追加（推奨ランク調整）,單一攻略站,02,ACTIVE
ev027,CLM-ANCHOR-SHIORI,baseline,JP,OFFICIAL,A,日服官網35686,https://priconne-redive.jp/news/information/35686/,official_notice_35686,2026-03-16,DAY,2026-07-18,シオリ（ウィンター）期間限定ピックアップ 2026/03/16 10:00–03/31（ワカナ＆シオリ活動配對）,無,02;03;12,ACTIVE
ev028,CLM-ANCHOR-SHIORI,baseline,TW,OFFICIAL,A,台服官網3940,https://www.princessconnect.so-net.tw/news/newsDetail/3940,tw_official_notice_3940,2026-07-16,DAY,2026-07-18,期間限定「栞（冬日）」精選轉蛋 2026/07/17–08/01 實裝,無（2026-07-18 稽核官方直頁確認）,02;03;12,ACTIVE
ev029,CLM-TW-DEEP-A10,baseline,TW,OFFICIAL,A,台服官網 2026/07/14 公告（「深域冒險」追加新冒險）,https://www.princessconnect.so-net.tw/news/newsDetail/3938,tw_official_notice_3938,2026-07-14,DAY,2026-08-02,2026/07/15 16:00起深域冒險追加：紅焰/蒼波/翠嵐/珀天/紫冥 各10-1~10-10（63-1 NORMAL通關後解放）,無（2026-08-02官方直頁完整抓取確認；來源映射更正為#3938）,02;22,ACTIVE
ev030,CLM-TW-UE2-NY3,baseline,TW,OFFICIAL,A,台服官網3943,https://www.princessconnect.so-net.tw/news/newsDetail/3943,tw_official_notice_3943,2026-07-16,DAY,2026-08-09,台服官方正文確認 2026/07/17 16:00 新增貪吃佩可（新年）、可可蘿（新年）、凱留（新年）專用裝備 2,無（2026-08-09 再次實開官方正文）,02;03,ACTIVE
ev031,CLM-KREDITTA-DATE,gacha,JP,OFFICIAL,A,日服官網36921,https://priconne-redive.jp/news/information/36921/,official_notice_36921,2026-07-15,DAY,2026-07-17,期間限定クレジッタ（サマー）ピックアップ 2026/07/15 12:00–07/31,無（本輪獨立重驗）,02;12,ACTIVE
ev032,CLM-SHEFI-POOL,gacha,JP,OFFICIAL,A,日服官網36760,https://priconne-redive.jp/news/information/36760/,official_notice_36760,2026-06-30,DAY,2026-07-18,シェフィ（ヴァードラッヘ）プリンセスフェス限定（官方直接公告）,無（2026-07-18 稽核官方直頁確認）,12;41;44,ACTIVE
ev033,CLM-LUISE-DATE,gacha,JP,OFFICIAL,A,日服官方（DMM GAMES版）2026/07/03 公告（期間限定「ルイズマリー（サマー）」ピックアップ）,https://dmg.priconne-redive.jp/news/detail.php?id=36850,jp_official_information_36850,2026-07-03,DAY,2026-08-02,ルイズマリー（サマー）期間限定ピックアップ 2026/07/03 12:00～2026/07/15 11:59,無（2026-08-02官方直頁完整抓取確認；DMM GAMES版官方站同ID鏡像）,12;41,ACTIVE
ev034,CLM-TW-SHIORI-POOL,gacha,TW,MULTI_PLAYER_REPORT,D,巴哈 20260430 台服抽卡提醒（snA=37685）,https://forum.gamer.com.tw/C.php?bsn=30861&snA=37685,bahamut_snA_37685,2026-04-30,DAY,2026-07-17,台服社群 4/30 已預告 栞（冬日）為七月水物後衛（方向與官方一致）,單串；作為 ev028 的方向旁證,02;12,ACTIVE
ev035,CLM-JP-CHARCOUNT-338,baseline,JP,MAJOR_GUIDE,D,GameWith 評價頁294623,https://gamewith.jp/pricone-re/article/show/294623,gamewith_article_294623,2026-07,MONTH,2026-07-17,日服可用角色 338（初期 4 名除外）,單一攻略站,02,ACTIVE
ev036,CLM-PULL-COST-150,gacha,JP,MAJOR_GUIDE,D,GameWith ガチャ解說111249,https://gamewith.jp/pricone-re/article/show/111249,gamewith_article_111249,2026-07,MONTH,2026-07-16,單抽通常 150 寶石,單一攻略站（F03：由 C 降回 D）；台服遊戲內或官方說明可升 A,43,ACTIVE
ev037,CLM-TW-MAINLINE,baseline,TW,OFFICIAL,A,台服官網 2026/01/15 更新（等級上限開放及內容追加）,https://www.princessconnect.so-net.tw/news/newsDetail/3685,tw_official_notice_3685,2026-01-15,DAY,2026-07-20,（歷史快照）台服主線第3部第14章第1~3話+R6話；NORMAL 78-1~78-3;Lv355（2026/01/15官方，newsDetail/3685）,歷史快照，非目前最新Baseline；目前最新為第15章/Lv370（見ev040/ev042）,02,ACTIVE
ev039,CLM-TW-DEEP-A9,baseline,TW,OFFICIAL,A,台服官網 2026/01/15 更新（深域冒險追加新冒險）,https://www.princessconnect.so-net.tw/news/newsDetail/3686,tw_official_notice_3686,2026-01-15,DAY,2026-07-20,台服深域第9區（紅焰/蒼波/翠嵐/珀天/紫冥 各9-1~9-10）於2026/01/15 16:00追加,無（2026-07-20官方直頁確認）,02,ACTIVE
ev040,CLM-TW-MAINLINE,baseline,TW,OFFICIAL,A,台服官網 2026/04/15 更新（等級上限開放及內容追加）,https://www.princessconnect.so-net.tw/news/newsDetail/3813,tw_official_notice_3813,2026-04-15,DAY,2026-07-20,台服主線第3部第15章第1~3話+分支54話；NORMAL 79-1~79-3;HARD 78-3;Lv364（2026/04/15官方已驗證，第15章確立）,第15章後續幕間/分支55話/NORMAL 79-7~79-9/HARD 79-2（官方newsDetail/3893，本輪未直接重抓，facts經3813/3890/3895交叉佐證）,02,ACTIVE
ev041,CLM-TW-SIXSTAR,baseline,TW,OFFICIAL,A,台服官網 2026/06/14 公告（涅婭★6才能開花登場）,https://www.princessconnect.so-net.tw/news/newsDetail/3895,tw_official_notice_3895,2026-06-14,DAY,2026-07-20,2026/06/15 16:00起涅婭★6才能開花登場；純淨記憶碎片於主線68-3（VERY HARD）獲得,無（2026-07-20官方直頁完整抓取確認）,02,ACTIVE
ev042,CLM-TW-MAINLINE,baseline,TW,OFFICIAL,A,台服官網 2026/06/14 公告（新培育系統連結RANK登場預告）,https://www.princessconnect.so-net.tw/news/newsDetail/3890,tw_official_notice_3890,2026-06-14,DAY,2026-07-20,台服角色Lv與專用裝備1上限370（2026/06/15連結RANK系統，官方已驗證Lv370為當前上限）,無（2026-07-20官方直頁確認）,02,ACTIVE
ev043,CLM-TW-MAINLINE,baseline,TW,OFFICIAL,A,台服官網 2026/07/14 公告（等級上限開放及內容追加更新）,https://www.princessconnect.so-net.tw/news/newsDetail/3937,tw_official_notice_3937,2026-07-14,DAY,2026-08-02,2026/07/15 16:00更新：主線第3部第16章第1~3話；主角/角色Lv上限370→373；NORMAL 80-1~80-3「幻葬湖畔」+分支80-EX1；HARD 79-3「離群鬼的聚落」,無（2026-08-02官方直頁完整抓取確認）,02,ACTIVE
ev044,CLM-TW-GRACE-POOL,gacha,TW,OFFICIAL,A,台服官網 2026/07/31 公告（期間限定「格蕾斯（兔女郎）」精選轉蛋）,https://www.princessconnect.so-net.tw/news/newsDetail/3963,tw_official_notice_3963,2026-07-31,DAY,2026-08-02,期間限定「格蕾斯（兔女郎）」精選轉蛋 2026/08/01 16:00～2026/08/11 15:59；角色劇情與劇情活動VILLAINESS連動（未讀終幕者08/24 05:00起開放）,無（2026-08-02官方直頁完整抓取確認）,02;12,ACTIVE
ev045,CLM-TW-SANCTUM-TEMPLE-LV,baseline,TW,OFFICIAL,A,台服官網 2026/07/31 公告（聖跡調查追加Lv10＆神殿調查追加Lv5）,https://www.princessconnect.so-net.tw/news/newsDetail/3966,tw_official_notice_3966_full_body,2026-07-31,DAY,2026-08-09,官方正文確認 2026/08/01 16:00 起聖跡調查追加Lv10且神殿調查追加Lv5,無（2026-08-09 實開官方正文）,02,ACTIVE
ev046,CLM-TW-CHALLENGE-AUG,pve_backlog,TW,OFFICIAL,A,台服官網 2026/07/31 公告（「挑戰冒險」舉辦預告）,https://www.princessconnect.so-net.tw/news/newsDetail/3968,tw_official_notice_3968_full_body,2026-07-31,DAY,2026-08-09,官方正文確認 8月挑戰冒險於 2026/08/01 16:00 至 08/31 15:59 舉辦且有10名Boss並禁止支援角色,無（2026-08-09 實開官方正文）；列 v1.6 PVE Backlog,02;23,ACTIVE
ev047,CLM-TW-RIFT-AUG,pve_backlog,TW,OFFICIAL,A,台服官網 2026/07/31 公告（「露娜之塔 次元斷層」舉辦預告）,https://www.princessconnect.so-net.tw/news/newsDetail/3969,tw_official_notice_3969_full_body,2026-07-31,DAY,2026-08-09,官方正文確認露娜之塔次元斷層於 2026/08/01 16:00 至 08/06 15:59 舉辦並採5個PHASE規則,無（2026-08-09 實開官方正文）；列 v1.6 PVE Backlog,02;23,ACTIVE
ev048,CLM-JP-FUBUKI-DATE,gacha,JP,OFFICIAL,A,日服官網 2026/07/31 公告（期間限定「フブキ（サマー）」ピックアップ）,https://priconne-redive.jp/news/information/37049/,jp_official_information_37049,2026-07-31,DAY,2026-08-02,期間限定「フブキ（サマー）」ピックアップ 2026/07/31 12:00～2026/08/15 11:59；劇情活動「ラヴって♡バズさまー！」連動,無（2026-08-02官方直頁完整抓取確認）,02;12;41,ACTIVE
ev049,CLM-JP-CURRENT-0802,baseline,JP,OFFICIAL,A,日服官網 2026/07/30 公告（8.5周年直前生放送）,https://priconne-redive.jp/news/information/36601/,jp_official_information_36601_full_body,2026-07-30,DAY,2026-08-09,官方正文確認 8.5 周年直前生放送排定於 2026/08/08 19:00 並提供官方 YouTube 直播頁,本頁只支持節目時程與官方連結；不從本頁推論直播公布內容,02,ACTIVE
ev050,CLM-PVE-F810-STD,pve,JP,UNKNOWN,D,スマホゲームNavi 紅焔の深域完全攻略（2026-01-31發布・2026-07-14更新）,https://games.appmatch.jp/gamewiki/princessconnect/1134429300-89/,appmatch_fire_deep_guide,2026-01-31,DAY,2026-08-02,火8-10推薦魔法フルオート編成＝ルイズマリー／ライラエル（クリスマス）／クローチェ（エアリアル）／ヴルム／リンド（另載8-1×2・7-9・7-10編成與泛化練度建議）,聚合站（01已列為旁證級・站內使用者對其他文有疑AI生成負評）；不得單獨支撐結論；2026-08-02全文完整開啟,24;25;22;23,ACTIVE
ev051,CLM-PVE-F810-NOLUISE,pve,JP,SINGLE_PLAYER_REPORT,D,YouTube 深域クエスト火属性8-10「ルイズなしクローチェエアリアルサポ借り想定」,https://www.youtube.com/watch?v=ZXUDJm_AsSA,yt_ZXUDJm_AsSA@00:12-03:15,2025-11-30,DAY,2026-08-08,火8-10 實戰五人＝真步（夏日）／萊拉耶爾（聖誕節）／克蘿茜（航空）／烏爾姆／優衣（聖誕節）；00:12 可辨識完整五人且 03:15 顯示角色 EXP／等級上升與取得報酬的通關後 UI；標題明示克蘿茜借角想定,【僅供參考】單一玩家影片故上限 D；逐 slot 強化多數 UNKNOWN；角色版本以畫面與已實開 GameWith 圖示／台服官方名交叉辨識,22;23;24;25;93,ACTIVE
ev052,CLM-PVE-F810-STD,pve,JP,SINGLE_PLAYER_REPORT,D,YouTube 深域クエスト火8-10攻略編成動画（目押し3回・RANK382・參考Corki JG）,https://www.youtube.com/watch?v=jkPXr3aUZZQ,yt_jkPXr3aUZZQ@00:45-05:50,2025-09-06,DAY,2026-08-08,火8-10 實戰五人＝露易絲瑪莉／萊拉耶爾（聖誕節）／克蘿茜（航空）／烏爾姆／琳德；00:45 戰鬥列可辨識五人且 05:50 顯示初回クリア；影片聲明目押し3回,單一玩家影片故單筆上限 D；逐 slot 強化條件仍 UNKNOWN；與 ev050 AUTO 聲明衝突時保留 SOURCE_CONFLICT,22;23;24;25;93,ACTIVE
ev053,CLM-PVE-F810-STD,pve,JP,SINGLE_PLAYER_REPORT,D,niconico 深域火8-10を攻略してみた（sm45195754）,https://www.nicovideo.jp/watch/sm45195754,nico_sm45195754,2025-07-17,DAY,2026-08-02,JP火8-10實戰通關TL影片（實裝2日後即通關）；騎士強化數據載於說明欄,2026-08-02經nicozon鏡像完整開頁；五人名單僅在影片畫面未文字化,24;23,ACTIVE
ev054,CLM-PVE-F1010-SCARCE,pve,JP,UNKNOWN,D,nicozon 深域クエスト標籤全量清點（73件・第1–2頁完整開啟）,https://www.nicozon.net/tag/%E6%B7%B1%E5%9F%9F%E3%82%AF%E3%82%A8%E3%82%B9%E3%83%88,nicozon_tag_deep,2026-08-02,DAY,2026-08-02,niconico範圍內風10-10・闇10-10（闇含完整文字TL＝プリキャル／水ホマレ／ニャル／ヴァイオレット／エリス）已存在而火10-10缺席,平台範圍限niconico；不代表全網,24;22;23,ACTIVE
ev055,CLM-PVE-F1010-SCARCE,pve,TW,SINGLE_PLAYER_REPORT,D,YouTube 煌靈／LongTimeNoC 火屬性深域10-1到10-9打法分享（台服）,https://www.youtube.com/watch?v=y41LtKnRPvs,yt_y41LtKnRPvs,2026-07,MONTH,2026-08-02,台服主要深域創作者於第10區開放後約三週僅發布至10-9＝台服火10-10公開通關未見；頻道主身分經播放清單中繼資料確認,搜尋摘要層引用；發布日僅月精度,24;22;23,ACTIVE
ev056,CLM-TW-LUISE-ORIG-REL,availability,TW,OFFICIAL,A,台服官網 2025/09/03 公告（精選轉蛋 期間限定角色「露易絲瑪莉」登場）,https://www.princessconnect.so-net.tw/news/newsDetail/3529,tw_official_notice_3529,2025-09-03,DAY,2026-08-02,台服期間限定角色「露易絲瑪莉」（＝ルイズマリー原版）精選轉蛋 2025/09/04 16:00～2025/09/16 15:59；同期自選獎勵轉蛋候補：若菜／倭／布武機／望（鍊金術師）／鏡華（春日）／鈴莓（春日）,無（2026-08-02官方直頁完整抓取確認）；本筆確立台服實裝＝2025-09-04，強化欄（專1／專2／六星）未涵蓋；【R3f】本頁僅證明台服事實，跨服對應由 CLM-LOC-LUISE-ORIG 獨立判斷,18;03;25,ACTIVE
ev057,CLM-TW-CROCE-AERIAL-REL,availability,TW,OFFICIAL,A,台服官網 2025/08/08 公告（精選轉蛋 期間限定角色「克蘿茜（航空）」登場）,https://www.princessconnect.so-net.tw/news/newsDetail/3500,tw_official_notice_3500,2025-08-08,DAY,2026-08-02,台服期間限定角色「克蘿茜（航空）」精選轉蛋 2025/08/09 16:00～2025/08/16 15:59；角色劇情與劇情活動「超鋼少女巨型克蘿茜 ～大出擊！蘭德索爾爆炸4.1秒前～」連動,無（2026-08-02官方直頁完整抓取確認）；本頁確立台服官方中文名稱與台服實裝；跨服對應由 CLM-LOC-CROCE-AERIAL（ANALYTICAL_JUDGMENT／B）獨立判斷，日服側 Evidence 為 ev065（#31430，已實開）,18;03;25,ACTIVE
ev058,CLM-TW-LAILAEL-XMAS-REL,availability,TW,OFFICIAL,A,台服官網 2025/03/31 公告（精選轉蛋 期間限定角色「萊拉耶爾（聖誕節）」登場）,https://www.princessconnect.so-net.tw/news/newsDetail/3313,tw_official_notice_3313,2025-03-31,DAY,2026-08-02,台服期間限定角色「萊拉耶爾（聖誕節）」精選轉蛋 2025/04/01 16:00～2025/04/10 15:59；角色劇情與劇情活動「Love＆Punishment 惡魔送來的聖誕節」連動,無（2026-08-02官方直頁完整抓取確認）；本頁確立台服官方中文名稱「萊拉耶爾（聖誕節）」；跨服對應由 CLM-LOC-LAILAEL-XMAS 獨立判斷，不得將本 TW 頁誤解為 JP Mapping 證據,18;03;25,ACTIVE
ev059,CLM-TW-LIND-REL,availability,TW,OFFICIAL,A,台服官網 2025/02/09 公告（精選轉蛋 新角色「琳德」登場）,https://www.princessconnect.so-net.tw/news/newsDetail/3247,tw_official_notice_3247,2025-02-09,DAY,2026-08-03,台服新角色「琳德」精選轉蛋 2025/02/10 16:00～2025/02/17 15:59；正文載明精選期結束後仍有機會於白金轉蛋出現（＝常駐非期間限定）；角色劇情需主線第3部第9章第9話,無（2026-08-03官方直頁完整開啟並逐段核對）；本頁不含專用裝備／六星／CR資訊,18;03;25,ACTIVE
ev060,CLM-TW-VURM-REL,availability,TW,OFFICIAL,A,台服官網 2025/02/16 公告（精選轉蛋 新角色「烏爾姆」登場）,https://www.princessconnect.so-net.tw/news/newsDetail/3257,tw_official_notice_3257,2025-02-16,DAY,2026-08-03,台服新角色「烏爾姆」精選轉蛋 2025/02/17 16:00～2025/02/26 15:59（含2025/02/21補充）；正文載明精選期結束後仍有機會於白金轉蛋出現（＝常駐非期間限定）,無（2026-08-03官方直頁完整開啟並逐段核對）；本頁不含專用裝備／六星／CR資訊,18;03;25,ACTIVE
ev061,CLM-TW-LIND-VURM-FIRE,availability,TW,UNKNOWN,D,台服官網 2025/10/10 公告（火屬性★3必中白金轉蛋）,https://www.princessconnect.so-net.tw/news/newsDetail/3576,tw_official_notice_3576,2025-10-10,DAY,2026-08-03,官方火屬性★3出現角色清單同時列有「琳德」「烏爾姆」→ 兩者為火屬性★3；同頁另註明本次不出現華音／萊拉耶爾（聖誕節）等限定角,【2026-08-03自我更正】原誤標OFFICIAL/A：實際僅取得搜尋摘要層、#3576直頁本輪未開→依Q1規則4改UNKNOWN/D且status=PENDING_REVIEW；來源站台雖為官方，但未實開不得享官方A級待遇；直頁回驗後可升OFFICIAL/A,18;24;25,PENDING_REVIEW
ev062,CLM-TW-LIND-VURM-UE1,availability,TW,OFFICIAL,A,台服官網 2026/02/21 公告（【更新】角色專用裝備1追加！）,https://www.princessconnect.so-net.tw/news/newsDetail/3742,tw_official_notice_3742,2026-02-21,DAY,2026-08-03,2026/02/22 16:00起追加「角色專用裝備1」之角色＝望（鍊金術師）／琳德／烏爾姆（官方註明角色名無特定排序）；上述角色記憶碎片可於女神的秘石商店購買,無（2026-08-03官方直頁完整開啟並逐字核對）；本頁只證明UE1『存在且可製作』，未載任何等級數值、專2、六星或CR資訊,18;25,ACTIVE
ev063,CLM-JP-LIND-REL,availability,JP,OFFICIAL,A,日服官網 2024/10/10 公告（新キャラ「リンド」登場！ピックアップガチャ開催！）,https://priconne-redive.jp/news/information/28945/,jp_official_28945,2024-10-10,DAY,2026-08-03,日服新角色「リンド」PU轉蛋 2024/10/10(木)12:00～2024/10/18(金)11:59；PU結束後仍可能自プラチナガチャ出現（常駐）；角色劇情解鎖需「メインストーリー第3部 第9章 第9話」,無（2026-08-03日服官方直頁完整開啟並逐段核對）,41;03;93,ACTIVE
ev064,CLM-JP-VURM-REL,availability,JP,OFFICIAL,A,日服官網 2024/10/18 公告（新キャラ「ヴルム」登場！ピックアップガチャ開催！含2024/10/24追記）,https://priconne-redive.jp/news/information/29132/,jp_official_29132,2024-10-18,DAY,2026-08-03,日服新角色「ヴルム」PU轉蛋 2024/10/18(金)12:00～2024/10/28(月)11:59；PU結束後仍可能自プラチナガチャ出現（常駐）；角色劇情解鎖需「メインストーリー第3部 第9章 第9話」,無（2026-08-03日服官方直頁完整開啟並逐段核對）,41;03;93,ACTIVE
ev065,CLM-JP-CROCE-AERIAL-REL,availability,JP,OFFICIAL,A,日服官網 2025/04/08 公告（期間限定キャラ「クローチェ（エアリアル）」登場！ピックアップガチャ開催！）,https://priconne-redive.jp/news/information/31430/,jp_official_31430,2025-04-08,DAY,2026-08-03,日服期間限定角色「クローチェ（エアリアル）」PU轉蛋 2025/04/08(火)12:00～2025/04/15(火)14:59；角色劇情第1話需劇情活動「超鋼乙女ギガンティックローチェ ～大出撃！ランドソル爆発4.1秒前～」第6話,無（2026-08-03日服官方直頁完整開啟並逐段核對）,41;03;93,ACTIVE
ev066,CLM-JP-LAILAEL-XMAS-REL,availability,JP,OFFICIAL,A,日服官網 2024/11/30 公告（期間限定キャラ「ライラエル（クリスマス）」登場！ピックアップガチャ開催！含2024/12/04追記）,https://priconne-redive.jp/news/information/29527/,jp_official_29527,2024-11-30,DAY,2026-08-03,日服期間限定角色「ライラエル（クリスマス）」PU轉蛋 2024/11/30(土)12:00～2024/12/09(月)11:59；角色劇情第1話需劇情活動「ラブ＆パニッシュメント 悪魔が届けるクリスマス」之「エンディング」,無（2026-08-03日服官方直頁完整開啟並逐段核對）；同頁另載技能不具合修正追記，與實裝日無關,41;03;93,ACTIVE
ev068,CLM-JP-LUISE-ORIG-REL,availability,JP,OFFICIAL,A,日服官網 2025/05/03 公告（期間限定キャラ「ルイズマリー」登場！ピックアップガチャ開催！）,https://priconne-redive.jp/news/information/31835/,jp_official_31835,2025-05-03,DAY,2026-08-03,日服期間限定角色「ルイズマリー」PU轉蛋 2025/05/03(土)19:00～2025/05/15(木)14:59（開池為19:00非慣例12:00）；同期選べるプライズ候補＝ワカナ／ヤマト／フブキ／ノゾミ（アルケミスト）／キョウカ（スプリング）／スズメ（スプリング）；マスターピース×3・メモリーピース×200,無（2026-08-03日服官方直頁完整開啟並逐段核對）；本頁無活動劇情解鎖條件可作更強discriminator,41;03;93,ACTIVE
ev069,CLM-PVE-F810-STD,pve,JP,SINGLE_PLAYER_REPORT,D,YouTube Deep Quest Fire 8-10 4 Manuals,https://www.youtube.com/watch?v=tYwLvHHbKXo,yt_tYwLvHHbKXo@00:00-05:05,2025-07-15,DAY,2026-08-08,火8-10 實戰五人與 ev052 相同；00:00 傷害報告列出完整五人且 05:05 顯示 WIN；影片說明列屬性強化與部分 EX 裝備並標 4 Manuals；琳德顯示為支援角色,與 ev052 相同五人故只合併來源不重複計隊；單一玩家影片上限 D,22;23;24;25;93,ACTIVE
ev070,CLM-PVE-F810-SHIZURU,pve,JP,SINGLE_PLAYER_REPORT,D,YouTube 深域クエスト8-10攻略編成まとめ（火・風・光・闇）,https://www.youtube.com/watch?v=F39PkRIg0T4,yt_F39PkRIg0T4@02:34-05:27,2025-09-18,DAY,2026-08-08,火8-10 章節 02:34 明列バレシズ／ヴルム／エアクロ／クリラエル／ルイズマリー並展示裝備與 TL；05:27 為勝利演出；完整五人＝靜流（情人節）／萊拉耶爾（聖誕節）／克蘿茜（航空）／烏爾姆／露易絲瑪莉,彙整影片仍屬玩家來源且引用他人作業故單筆上限 D；逐 slot 詳細條件未全部文字化,22;23;24;25;93,ACTIVE
ev071,CLM-PVE-F810-SHIZURU,pve,TW,SINGLE_PLAYER_REPORT,D,YouTube 煌靈／LongTimeNoC 火屬性深域 8-10 半自動刀,https://www.youtube.com/watch?v=OtiJrk3jacg,yt_OtiJrk3jacg@00:58-04:37,2025-11-15,DAY,2026-08-08,台服創作者影片明示火屬性深域 8-10 半自動；00:58 可辨識與 ev070 相同五人且 04:37 為擊破後勝利演出；說明載全員 Lv357／R37 五件與靜流（情人節）專1專2全滿,單一玩家影片上限 D；其引用原始作業 ev072；未逐 slot 完整列出星級與全部強化,22;23;24;25;93,ACTIVE
ev072,CLM-PVE-F810-SHIZURU,pve,JP,SINGLE_PLAYER_REPORT,D,YouTube 深域クエスト火属性8-10ボスクリア（目押しなしTPチャージLv4星0）,https://www.youtube.com/watch?v=i4pE3GxTMMA,yt_i4pE3GxTMMA@04:11-07:18,2025-08-19,DAY,2026-08-08,火8-10 原始作業影片；04:11 完整五人與操作表可辨識且 07:18 明示 WIN；五人與 ev070／ev071 相同；標題聲明目押しなし但畫面仍有 SET 切換故本專案歸 SEMI_AUTO,單一玩家影片上限 D；角色 Lv363 與 R37 full equip 為全隊泛化描述，未臆測回填逐 slot,22;23;24;25;93,ACTIVE
ev073,CLM-PVE-F810-SHIZURU,pve,JP,MAJOR_GUIDE,D,GameWith 深域クエスト「火8-10」攻略（2025年12月／9月編成）,https://gamewith.jp/pricone-re/article/show/507373,gamewith_fire_8_10,2026-08-07,DAY,2026-08-08,全文實開：2025年9月魔法セミオート完整列出露易絲瑪莉／萊拉耶爾（聖誕節）／克蘿茜（航空）／烏爾姆／靜流（情人節）及操作步驟；另列 2025年12月兩套全自動隊並提供角色圖示與練度,大型攻略站單頁上限 D；全自動②雖列完整五人但頁面未提供可定位的 WIN／結算證據故不建立正式隊；只作文字化與版本辨識旁證,03;18;21;22;23;24;25;26;27;93,ACTIVE
ev074,CLM-TW-SHIZURU-VAL-AVAILABLE,availability,TW,OFFICIAL,A,台服官網 2026/05/31 自選角色精選獎勵轉蛋公告,https://www.princessconnect.so-net.tw/news/newsDetail/3873,tw_official_notice_3873,2026-05-31,DAY,2026-08-08,官方精選候補逐名列出「靜流（情人節）」並載明 2026/06/01 16:00 起可於自選獎勵轉蛋／白金轉蛋出現；足以證明目前台服 AVAILABLE 與官方中文名,本頁不是初次實裝公告故 tw_release_date 保留空白；不涵蓋專1／專2／六星／CR,03;18;25;93,ACTIVE
ev075,CLM-TW-MAHO-SUMMER-AVAILABLE,availability,TW,OFFICIAL,A,台服官網 2024/06/16 火屬性自選★3必中白金轉蛋公告,https://www.princessconnect.so-net.tw/news/newsDetail/2873,tw_official_notice_2873,2024-06-16,DAY,2026-08-08,官方火屬性選擇角色候補逐名列出「靜流（情人節）」與「真步（夏日）」且載明目標限定角色；足以證明兩者台服 AVAILABLE 與官方中文名,本頁不是兩角初次實裝公告故 tw_release_date 保留空白；不涵蓋逐項強化,03;18;25;93,ACTIVE
ev076,CLM-TW-YUI-XMAS-REL,availability,TW,OFFICIAL,A,台服官網 2026/03/31 優衣（聖誕節）精選轉蛋公告,https://www.princessconnect.so-net.tw/news/newsDetail/3795,tw_official_notice_3795,2026-03-31,DAY,2026-08-08,官方期間限定角色「優衣（聖誕節）」於 2026/04/01 16:00～2026/04/16 15:59 精選轉蛋登場；確立台服實裝日與官方中文名,本頁不涵蓋專1／專2／六星／CR；跨服版本映射由 CLM-LOC-YUI-XMAS 獨立判斷,03;18;25;93,ACTIVE
ev077,CLM-TW-LAILAEL-XMAS-UE1,availability,TW,OFFICIAL,A,台服官網 2026/04/10 角色專用裝備1追加公告,https://www.princessconnect.so-net.tw/news/newsDetail/3805,tw_official_notice_3805,2026-04-10,DAY,2026-08-08,官方明示 2026/04/10 16:00 起為萊拉耶爾（聖誕節）／伊緒（聖誕節）／琪愛兒（冬日）追加角色專用裝備1；本輪直頁首次成功實開,只證明 UE1 已追加且可製作；未載裝備等級需求／專2／六星／CR,18;23;93;99,ACTIVE
ev078,CLM-TW-ANNE-GREA-REL,availability,TW,OFFICIAL,A,台服官網 2023/05/03 安＆古蕾婭公主祭典精選轉蛋公告,https://www.princessconnect.so-net.tw/news/newsDetail/2246,tw_official_notice_2246,2023-05-03,DAY,2026-08-08,官方明示期間限定角色「安＆古蕾婭」於 2023/05/04 16:00 起在公主祭典精選轉蛋登場；確立台服官方中文名與實裝日,本頁不證明逐項強化或日服操作軸；跨服映射另由 CLM-LOC-ANNE-GREA 判斷,03;18;23;25;93,ACTIVE
ev079,CLM-LOC-ANNE-GREA,availability,JP,OFFICIAL,A,日服官網 2023/01/06 アン＆グレア登場公告,https://priconne-redive.jp/news/information/20815/,jp_official_20815,2023-01-06,DAY,2026-08-08,日服官方正文列出期間限定角色「アン＆グレア」與登場期間；與 ev078 的台服官方角色名及同版本資訊交叉支撐跨服 entity mapping,日服正文不直接聲明台日名稱對照；映射信心上限 B,03;18;23;25;93,ACTIVE
ev080,CLM-TW-MIO-NGS-AVAILABLE,availability,TW,OFFICIAL,A,台服官網 2026/04/08 復刻 NGs 活動公告,https://www.princessconnect.so-net.tw/news/newsDetail/3802,tw_official_notice_3802,2026-04-08,DAY,2026-08-08,官方明示復刻劇情活動期間可讓「未央（NGs）」成為夥伴；確立目前台服 AVAILABLE 與官方中文名,本頁不是初次實裝公告故不推定 tw_release_date；不證明逐項強化,03;18;23;25;93,ACTIVE
ev081,CLM-LOC-MIO-NGS,availability,JP,OFFICIAL,A,日服官網 2022/11/15 ミオ（デレマス）相關公告,https://priconne-redive.jp/news/information/20200/,jp_official_20200,2022-11-15,DAY,2026-08-08,日服官方正文列出「ミオ（デレマス）」；與 ev080 的台服官方「未央（NGs）」及同聯動角色資訊交叉支撐跨服 entity mapping,日服正文不直接聲明台日名稱對照；映射信心上限 B,03;18;23;25;93,ACTIVE
ev082,CLM-PVE-F810-ANNEGREA,pve,JP,SINGLE_PLAYER_REPORT,D,YouTube 深域火 8-10 安＆古蕾婭通關實戰,https://www.youtube.com/watch?v=p95ZoBCWuYE,yt_p95ZoBCWuYE@00:00-02:35,2025-12-03,DAY,2026-08-08,影片 00:00 明示火 8-10 且 00:01–00:03 可辨識完整五人＝萊拉耶爾（聖誕節）／克蘿茜（航空）／烏爾姆／安＆古蕾婭／優衣（聖誕節）；約 02:35 顯示 Boss HP 歸零,單一玩家影片故上限 D；畫面 AUTO／SET 狀態不足以證明全程操作模式，故 operation_mode 保留 UNKNOWN；逐 slot 強化未知,22;23;24;25;26;93,ACTIVE
ev083,CLM-PVE-F810-MIO,pve,JP,SINGLE_PLAYER_REPORT,D,YouTube 深域火 8-10 未央（NGs）半自動通關實戰,https://www.youtube.com/watch?v=Zw31omyYDKI,yt_Zw31omyYDKI@00:00-01:56,2026-01-02,DAY,2026-08-08,影片 00:00 可辨識火 8-10 完整五人＝克蘿茜（航空）／烏爾姆／未央（NGs）／安＆古蕾婭／優衣（聖誕節），約 01:56 顯示勝利；來源另載半自動操作文字與全域養成條件,單一玩家影片故通關 Claim 上限 D；來源全域條件不拆填為逐 slot 事實；操作文字中無法確證的 actor／action 僅以 SOURCE_TEXT_ONLY 保存,22;23;24;25;26;27;93,ACTIVE
ev084,CLM-PVE-W810-MISORA-NANAKA,pve,TW,SINGLE_PLAYER_REPORT,D,YouTube 蒼波 8-10 五隊實戰－第1隊美空七七香,https://www.youtube.com/watch?v=w3My0QHcoTA,yt_w3My0QHcoTA@00:13-02:13,2026-06-01,DAY,2026-08-08,影片顯示完整五人＝雪野／愛梅斯（夏日）／美空（聖誕節）／七七香（夏日）／薇歐莉特（黃泉鯨命）；最終攻擊後 Boss HP bar 清空並回到蒼波地圖且 8-10 顯示 CLEAR；來源稱剩13秒與2目押,單一台服玩家一次成功故通關與操作 Claim 上限 D；世界線及全域養成不代表其他帳號穩定重現,22;23;24;25;26;27;93,ACTIVE
ev085,CLM-PVE-W810-SONO-NINON,pve,TW,SINGLE_PLAYER_REPORT,D,YouTube 蒼波 8-10 五隊實戰－第2隊苑妮諾,https://www.youtube.com/watch?v=w3My0QHcoTA,yt_w3My0QHcoTA@02:14-03:48,2026-06-01,DAY,2026-08-08,影片顯示完整五人＝雪野／愛梅斯（夏日）／苑／妮諾（夏日）／薇歐莉特（黃泉鯨命）；Boss HP=0/270000000 且剩0:22；來源稱半A,單一台服玩家一次成功故上限 D；TP5.0+ 與全域養成未逐 slot 歸屬,22;23;24;25;26;27;93,ACTIVE
ev086,CLM-PVE-W810-LABYRISTA-SONO,pve,TW,SINGLE_PLAYER_REPORT,D,YouTube 蒼波 8-10 五隊實戰－第3隊拉比林斯達苑,https://www.youtube.com/watch?v=w3My0QHcoTA,yt_w3My0QHcoTA@03:49-05:27,2026-06-01,DAY,2026-08-08,影片顯示完整五人＝雪野／愛梅斯（夏日）／拉比林斯達（始源）／苑／薇歐莉特（黃泉鯨命）；Boss HP=0/270000000 且剩0:03；來源稱全自動 OXOOX,單一台服玩家一次成功故上限 D；阿法晶僅為社群俗稱且 O／X 不拆成逐 slot 養成事實,22;23;24;25;26;27;93,ACTIVE
ev087,CLM-PVE-W810-SONO-NANAKA,pve,TW,SINGLE_PLAYER_REPORT,D,YouTube 蒼波 8-10 五隊實戰－第4隊苑七七香,https://www.youtube.com/watch?v=w3My0QHcoTA,yt_w3My0QHcoTA@05:28-06:51,2026-06-01,DAY,2026-08-08,影片顯示完整五人＝雪野／愛梅斯（夏日）／苑／七七香（夏日）／薇歐莉特（黃泉鯨命）；Boss HP=0/270000000 且剩0:05後進入 Now Loading；來源稱全自動 OOOXO,單一台服玩家一次成功故上限 D；O／X 與全域養成不拆成逐 slot 事實,22;23;24;25;26;27;93,ACTIVE
ev088,CLM-PVE-W810-MISORA-SONO,pve,TW,SINGLE_PLAYER_REPORT,D,YouTube 蒼波 8-10 五隊實戰－第5隊美空苑,https://www.youtube.com/watch?v=w3My0QHcoTA,yt_w3My0QHcoTA@06:52-07:58,2026-06-01,DAY,2026-08-08,影片顯示完整五人＝雪野／愛梅斯（夏日）／美空（聖誕節）／苑／薇歐莉特（黃泉鯨命）；Boss HP=0/270000000 且剩0:17；來源稱全SET全自動並另列 OXOOO 可行,單一台服玩家一次成功故上限 D；替代 SET 樣式不代表多次重現,22;23;24;25;26;27;93,ACTIVE
ev089,,pve,TW,SINGLE_PLAYER_REPORT,D,YouTube 水屬性深域 8-10 苑隊未通關記錄,https://www.youtube.com/watch?v=_jmHoggmlNY,yt__jmHoggmlNY@00:30-02:47,2026-02-01,DAY,2026-08-08,實際播放顯示遊戲計時0:04時 Boss仍存活後轉場；不能作為通關 Evidence,來源標題或說明不能取代實際清場畫面；本段永久排除於有效隊伍及 Gate,23,REJECTED
ev090,,pve,TW,SINGLE_PLAYER_REPORT,D,YouTube 水屬性深域 8-10 七七香隊 TIME UP 記錄,https://www.youtube.com/watch?v=_jmHoggmlNY,yt__jmHoggmlNY@02:48-04:42,2026-02-01,DAY,2026-08-08,實際播放明確顯示 TIME UP；不能作為通關 Evidence,完整五人與關卡雖可辨識但缺實際通關結果；本段永久排除於有效隊伍及 Gate,23,REJECTED
ev091,CLM-TW-YUKINO-REL,availability,TW,OFFICIAL,A,台服官網雪野精選轉蛋公告,https://www.princessconnect.so-net.tw/news/newsDetail/3712,tw_official_notice_3712,2026-01-31,DAY,2026-08-08,官方正文列出「雪野」並公告於2026/02/01 16:00登場,只證明台服官方名稱與實裝；跨服名稱對照另為B級映射,03;18;23;24;25;93,ACTIVE
ev092,CLM-LOC-YUKINO,availability,JP,OFFICIAL,A,日服官網ユキノ登場公告,https://priconne-redive.jp/news/information/33458/,jp_official_33458,2025-09-30,DAY,2026-08-08,官方正文列出「ユキノ」；與ev091交叉支撐同一角色原版映射,官方正文未直接聲明台日對照；映射上限B,03;18;23;24;25;93,ACTIVE
ev093,CLM-TW-AMES-SUMMER-REL,availability,TW,OFFICIAL,A,台服官網愛梅斯（夏日）精選轉蛋公告,https://www.princessconnect.so-net.tw/news/newsDetail/3132,tw_official_notice_3132,2024-11-30,DAY,2026-08-08,官方正文列出「愛梅斯（夏日）」並公告於2024/12/01 16:00登場,只證明台服官方名稱與實裝；跨服名稱對照另為B級映射,03;18;23;24;25;93,ACTIVE
ev094,CLM-LOC-AMES-SUMMER,availability,JP,OFFICIAL,A,日服官網アメス（サマー）登場公告,https://priconne-redive.jp/news/information/28051/,jp_official_28051,2024-07-31,DAY,2026-08-08,官方正文列出「アメス（サマー）」；與ev093交叉支撐同一角色夏日版本映射,官方正文未直接聲明台日對照；映射上限B,03;18;23;24;25;93,ACTIVE
ev095,CLM-TW-SONO-REL,availability,TW,OFFICIAL,A,台服官網苑精選轉蛋公告,https://www.princessconnect.so-net.tw/news/newsDetail/3539,tw_official_notice_3539,2025-09-15,DAY,2026-08-08,官方正文列出「苑」並公告於2025/09/16 16:00登場,只證明台服官方名稱與實裝；跨服名稱對照另為B級映射,03;18;23;24;25;93,ACTIVE
ev096,CLM-LOC-SONO,availability,JP,OFFICIAL,A,日服官網ソノ登場公告,https://priconne-redive.jp/news/information/31915/,jp_official_31915,2025-05-15,DAY,2026-08-08,官方正文列出「ソノ」；與ev095交叉支撐同一角色原版映射,官方正文未直接聲明台日對照；映射上限B,03;18;23;24;25;93,ACTIVE
ev097,CLM-TW-NINON-SUMMER-REL,availability,TW,OFFICIAL,A,台服官網妮諾（夏日）精選轉蛋公告,https://www.princessconnect.so-net.tw/news/newsDetail/3648,tw_official_notice_3648,2025-12-15,DAY,2026-08-08,官方正文列出「妮諾（夏日）」並公告於2025/12/16 16:00登場,只證明台服官方名稱與實裝；跨服名稱對照另為B級映射,03;18;23;24;25;93,ACTIVE
ev098,CLM-LOC-NINON-SUMMER,availability,JP,OFFICIAL,A,日服官網ニノン（サマー）登場公告,https://priconne-redive.jp/news/information/33009/,jp_official_33009,2025-08-15,DAY,2026-08-08,官方正文列出「ニノン（サマー）」；與ev097交叉支撐同一角色夏日版本映射,官方正文未直接聲明台日對照；映射上限B,03;18;23;24;25;93,ACTIVE
ev099,CLM-TW-NANAKA-SUMMER-AVAILABLE,availability,TW,OFFICIAL,A,台服官網七七香（夏日）可取得公告,https://www.princessconnect.so-net.tw/news/newsDetail/3624,tw_official_notice_3624,2025-11-23,DAY,2026-08-08,官方正文列出「七七香（夏日）」為可取得角色，證明目前台服AVAILABLE與官方名稱,不是首次實裝公告故不推定tw_release_date；跨服名稱對照另為B級映射,03;18;23;24;25;93,ACTIVE
ev100,CLM-LOC-NANAKA-SUMMER,availability,JP,OFFICIAL,A,日服官網ナナカ（サマー）登場公告,https://priconne-redive.jp/news/information/9122/,jp_official_9122,2020-07-15,DAY,2026-08-08,官方正文列出「ナナカ（サマー）」；與ev099交叉支撐同一角色夏日版本映射,台服Evidence不是初次實裝頁且官方正文未直接聲明跨服對照；映射上限B,03;18;23;24;25;93,ACTIVE
ev101,CLM-TW-MISORA-XMAS-REL,availability,TW,OFFICIAL,A,台服官網美空（聖誕節）精選轉蛋公告,https://www.princessconnect.so-net.tw/news/newsDetail/3814,tw_official_notice_3814,2026-04-15,DAY,2026-08-08,官方正文列出「美空（聖誕節）」並公告於2026/04/16 16:00登場,只證明台服官方名稱與實裝；跨服名稱對照另為B級映射,03;18;23;24;25;93,ACTIVE
ev102,CLM-LOC-MISORA-XMAS,availability,JP,OFFICIAL,A,日服官網ミソラ（クリスマス）登場公告,https://priconne-redive.jp/news/information/34409/,jp_official_34409,2025-12-15,DAY,2026-08-08,官方正文列出「ミソラ（クリスマス）」；與ev101交叉支撐同一角色聖誕版本映射,官方正文未直接聲明台日對照；映射上限B,03;18;23;24;25;93,ACTIVE
ev103,CLM-TW-VIOLET-ISANAMI-REL,availability,TW,OFFICIAL,A,台服官網薇歐莉特（黃泉鯨命）精選轉蛋公告,https://www.princessconnect.so-net.tw/news/newsDetail/3872,tw_official_notice_3872,2026-05-31,DAY,2026-08-08,官方正文列出「薇歐莉特（黃泉鯨命）」並公告於2026/06/01 16:00登場,水堇僅為社群俗稱；跨服名稱對照另為B級映射,03;18;23;24;25;93,ACTIVE
ev104,CLM-LOC-VIOLET-ISANAMI,availability,JP,OFFICIAL,A,日服官方鏡像ヴァイオレット（イサナミ）登場公告,https://dmg.priconne-redive.jp/news/detail.php?id=34985,jp_official_mirror_34985,2026-01-31,DAY,2026-08-08,官方正文列出「ヴァイオレット（イサナミ）」；與ev103交叉支撐同一角色同版本映射,官方正文未直接聲明台日對照且採DMM官方鏡像；映射上限B,03;18;23;24;25;93,ACTIVE
ev105,CLM-TW-LABYRISTA-ALPHA-REL,availability,TW,OFFICIAL,A,台服官網拉比林斯達（始源）精選轉蛋公告,https://www.princessconnect.so-net.tw/news/newsDetail/3401,tw_official_notice_3401,2025-05-31,DAY,2026-08-08,官方正文列出「拉比林斯達（始源）」並公告於2025/06/01 16:00登場；角色劇情解鎖指向同一活動第2話與終幕,阿法晶僅為社群俗稱且不是克莉絲提娜；跨服名稱對照另為B級映射,03;18;23;24;25;93,ACTIVE
ev106,CLM-LOC-LABYRISTA-ALPHA,availability,JP,OFFICIAL,A,日服官方鏡像ラビリスタ（アルファ）登場公告,https://dmg.priconne-redive.jp/news/detail.php?id=30360,jp_official_mirror_30360,2025-01-31,DAY,2026-08-08,官方正文列出「ラビリスタ（アルファ）」且角色劇情解鎖指向同一活動第2話與エピローグ；與ev105支撐同一角色同版本映射,官方正文未直接聲明台日對照且採DMM官方鏡像；映射上限B,03;18;23;24;25;93,ACTIVE
ev107,CLM-TW-ERIS-AVAILABLE,availability,TW,OFFICIAL,A,台服官網公主祭典安涅默涅登場公告,https://www.princessconnect.so-net.tw/news/newsDetail/3000,tw_official_notice_3000_lines_73_81,2024-08-31,DAY,2026-08-08,官方正文將「厄莉絲」列為台服公主祭典限定角色並使用此官方名稱,此頁不是厄莉絲首次實裝公告；只證明台服名稱與已實裝，不推定 release date 或強化狀態,18;39;92;93,ACTIVE
ev108,CLM-TW-PRESIA-FALLEN-REL,availability,TW,OFFICIAL,A,台服官網普蕾西亞（墮落）精選轉蛋公告,https://www.princessconnect.so-net.tw/news/newsDetail/2727,tw_official_notice_2727_lines_97_124,2024-03-18,DAY,2026-08-08,官方正文列出「普蕾西亞（墮落）」並公告於 2024/03/20 16:00 登場,只證明台服官方名稱與實裝；日文名與逐項強化維持 UNKNOWN,18;39;92;93,ACTIVE
ev109,CLM-TW-ARENA-LEGACY-AVAILABLE,availability,TW,OFFICIAL,A,台服官網 7 周年純淨記憶碎片禮包公告,https://www.princessconnect.so-net.tw/news/newsDetail/3488,tw_official_notice_3488_lines_101_169,2025-07-31,DAY,2026-08-08,官方正文交換目標清單明列「怜（新年）」「茉莉」「雪」「真陽」「嘉夜」等台服官方名稱並證明角色已實裝,不是各角色首次實裝公告故不推定 release date；正文官方名是雪而不是優希,18;39;92;93,ACTIVE
ev110,CLM-TW-AIRA-REL,availability,TW,OFFICIAL,A,台服官網埃拉公主祭典登場公告,https://www.princessconnect.so-net.tw/news/newsDetail/3670,tw_official_notice_3670_lines_97_138,2025-12-31,DAY,2026-08-08,官方正文列出「埃拉」並公告於 2026/01/01 16:00 登場,只證明台服官方名稱與實裝；戰果圖第二格經原圖並排裁決為埃拉而非秋乃,18;39;92;93,ACTIVE
ev111,CLM-TW-REM-AVAILABLE,availability,TW,OFFICIAL,A,台服官網 Re:Zero 夏日復刻活動公告,https://www.princessconnect.so-net.tw/news/newsDetail/3720,tw_official_notice_3720_lines_100_112,2026-02-07,DAY,2026-08-08,官方正文列出角色「雷姆」及其★6才能開花所需純淨記憶碎片，證明台服官方名稱與已實裝,不是雷姆首次實裝或復刻轉蛋公告；不推定 release date、當期可抽取性或逐項強化,18;39;92;93,ACTIVE
ev112,CLM-TW-SAREN-SUMMER-AVAILABLE,availability,TW,OFFICIAL,A,台服官網 7.5th Limited Select 轉蛋公告,https://www.princessconnect.so-net.tw/news/newsDetail/3650,tw_official_notice_3650_lines_72_112,2025-12-15,DAY,2026-08-08,官方正文將「咲戀（夏日）」列為選擇角色候補，證明台服官方名稱與已實裝,不是首次實裝公告故不推定 release date；不推定逐項強化,18;39;92;93,ACTIVE
ev113,CLM-ARENA-TW-DEF-20260525,arena,TW,SINGLE_PLAYER_REPORT,D,巴哈姆特 RE:【攻略】如何打贏競技場？主文防守徵解,https://forum.gamer.com.tw/Co.php?bsn=30861&sn=504930,OP Nemetona 2026-05-25 06:53:22＋防守原圖 https://truth.bahamut.com.tw/s01/202605/forum/30861/4fda4eaa86070c2e321b2e19f691b16e.PNG,2026-05-25,DAY,2026-08-08,主文實際顯示台服防守五人；兩張回覆戰果圖均顯示相同防守構成,角色名為原始圖示轉錄；主文未載等級／Rank／裝備／競技場區間，並明稱網站測試有贏也有輸,33;39;46;92;93,ACTIVE
ev114,CLM-ARENA-TW-COUNTER-20260525-01,arena,TW,SINGLE_PLAYER_REPORT,D,巴哈姆特回覆 B1 台服競技場勝利戰果,https://forum.gamer.com.tw/Co.php?bsn=30861&sn=504930,B1 憂姫 2026-05-25 10:41:38＋原圖 https://truth.bahamut.com.tw/s01/202605/forum/30861/acb01f479fdbfae7011c6eb730769599.JPG,2026-05-25,DAY,2026-08-08,原始戰果圖明示攻方 Win、防方 Lose、防守五人全為 0%；攻方完整五人為嘉夜／埃拉／雷姆／雪／咲戀（夏日）,單一作者單次截圖；只證明一次 exact composition 勝利，不代表穩定率或多次重現；戰果未載版本與練度,33;39;46;92;93,ACTIVE
ev115,CLM-ARENA-TW-COUNTER-20260525-02,arena,TW,SINGLE_PLAYER_REPORT,D,巴哈姆特回覆 B2 台服競技場勝利戰果,https://forum.gamer.com.tw/Co.php?bsn=30861&sn=504930,B2 憂姫 2026-05-25 10:53:49 正文「沒雷姆可換真陽」＋原圖 https://truth.bahamut.com.tw/s01/202605/forum/30861/f9cbdbfdac2f3f5419dc656a243dca7c.JPG,2026-05-25,DAY,2026-08-08,原始戰果圖明示攻方 Win、防方 Lose、防守五人全為 0%；正文直接說明以真陽替換雷姆，完整攻方為嘉夜／埃拉／真陽／雪／咲戀（夏日）,與 ev114 同一作者且各只有一次截圖；不可視為獨立交叉驗證或穩定率；戰果未載版本與練度,33;39;46;92;93,ACTIVE
ev116,CLM-TW-ABYSS-0805,pve_backlog,TW,OFFICIAL,A,台服官網 2026/08/04 深淵討伐戰公告,https://www.princessconnect.so-net.tw/news/newsDetail/3972,tw_official_notice_3972_full_body,2026-08-04,DAY,2026-08-09,官方正文確認水屬性深淵討伐戰於 2026/08/05 16:00 至 08/10 04:59 舉辦並說明前哨與Boss戰規則,只支持活動與規則；不支持任何通關隊伍或攻略成熟度,02;23;92;93,ACTIVE
ev117,CLM-TW-ASTRUM-RERUN-0811,baseline,TW,OFFICIAL,A,台服官網 2026/08/08 阿斯特朗復刻活動公告,https://www.princessconnect.so-net.tw/news/newsDetail/3973,tw_official_notice_3973_full_body,2026-08-08,DAY,2026-08-09,官方正文確認復刻劇情活動於 2026/08/11 16:00 至 08/24 04:59 舉辦且包含前後篇與SCENARIO／SPECIAL Boss戰,只支持活動排程與官方規則；不支持活動Boss攻略隊伍,02;92;93,ACTIVE
ev118,CLM-TW-ELPIS-0810,pve_backlog,TW,OFFICIAL,A,台服官網 2026/08/09 艾爾皮斯討魔戰線公告,https://www.princessconnect.so-net.tw/news/newsDetail/3974,tw_official_notice_3974_full_body,2026-08-09,DAY,2026-08-09,官方正文確認艾爾皮斯討魔戰線於 2026/08/10 16:00 至 08/15 04:59 舉辦且本次有利屬性為光與闇,只支持活動排程與規則；不支持任何Boss通關隊伍或分數攻略,02;23;92;93,ACTIVE
ev119,CLM-JP-UE1-0810,baseline,JP,OFFICIAL,A,日服官網 2026/08/09 角色專用裝備1追加公告,https://priconne-redive.jp/news/information/37148/,jp_official_information_37148_full_body,2026-08-09,DAY,2026-08-09,官方正文確認預定於 2026/08/10 為クリア（サマー）／アネモネ（サマー）／ニノン（サマー）追加角色專用裝備1,只支持日服專用裝備1追加；不得翻譯成未公布的台服中文名稱,02;12;92;93,ACTIVE
ev120,CLM-TW-CURRENT-0809,baseline,TW,OFFICIAL,A,台服官方最新消息索引 2026/08/09 查核,https://www.princessconnect.so-net.tw/news,tw_official_news_index_checked_2026_08_09,2026-08,MONTH,2026-08-09,官方索引實際顯示截至 2026/08/09 的公告並列出 3972／3973／3974 與當期格蕾斯轉蛋公告,索引只支持公告存在與順序；各事件細節分別由 ev116／ev117／ev118 正文支持,02;92;93,ACTIVE
ev121,CLM-JP-CURRENT-0809,baseline,JP,OFFICIAL,A,日服官方 information 索引 2026/08/09 查核,https://priconne-redive.jp/news/information/,jp_official_information_index_checked_2026_08_09,2026-08,MONTH,2026-08-09,官方索引實際顯示截至 2026/08/09 的公告並仍列出フブキ（サマー）轉蛋及新增專1公告,索引未另刊 8.5 新卡池正文；直播投影片的精確內容另見 ev123／ev124,02;92;93,ACTIVE
ev122,CLM-JP-LIVE-0808,baseline,JP,OFFICIAL,A,日服官網 8.5 周年直播配信中公告,https://priconne-redive.jp/news/information/37116/,jp_official_information_37116_full_body,2026-08-08,DAY,2026-08-09,官方正文於 2026/08/08 明示 8.5 周年直前生放送正在 YouTube Live 與 X Live 配信,只支持直播確實舉行與官方播放連結；卡池與系統投影片另以 ev123／ev124 的精確時間定位支持,02;92;93,ACTIVE
ev123,CLM-JP-85-LIVE-GACHA,gacha,JP,OFFICIAL,A,日服官方 8.5 周年直前生放送卡池投影片,https://www.youtube.com/watch?v=wtS78cLTlyo,official_youtube_8_5_live@49:17;57:07;59:01;1:42:07;1:42:41;1:43:21,2026-08-08,DAY,2026-08-09,官方影片投影片明示ヴァンピィ（サマー）與ティア登場及 8/15 Anniversary／Select、8/23 Princess Fes Prize 卡池時程,投影片未直接明示兩角為期間限定；不推論台服日期、台服中文名或角色價值,02;12;40;41;44;92;93,ACTIVE
ev124,CLM-JP-85-LIVE-ROADMAP,baseline,JP,OFFICIAL,A,日服官方 8.5 周年直前生放送系統與路線圖投影片,https://www.youtube.com/watch?v=wtS78cLTlyo,official_youtube_8_5_live@55:07;1:43:53;1:44:51;1:57:24;2:03:16,2026-08-08,DAY,2026-08-09,官方影片投影片明示2026秋季合作與功能路線、8/15專1SP及Master Skill上限、8/16特殊活動、2027冬季競技場更新,Connect Rank 口頭段落不清且投影片未直接支持故不登錄；路線圖不等於已實裝,02;12;92;93,ACTIVE
