claim_id,module,server,claim_text,claim_type,claim_confidence,evidence_ids,independence_check,version_match,status,verified_date,next_review_due,affected_files,notes
CLM-ANCHOR-WAKANA,baseline,CROSS_SERVER_FORECAST,若菜（冬日）錨點：日 2026/03/03 → 台 2026/07/03 ＝122 天,SOURCE_FACT,A,ev001;ev002,YES,YES,SUPERSEDED,2026-07-16,2026-08-31,02;12,雙邊官方｜【R3h Phase F】已由 canonical anchor objects 與 CLM-GAP-LIMITED／PERMANENT／ALL-NEW／SYSTEM 取代，不再作 current SSOT
CLM-ANCHOR-EXPT,baseline,CROSS_SERVER_FORECAST,交換Pt 機制錨點：日 2025/12/31 → 台 2026/03/16 ＝75 天,SOURCE_FACT,A,ev003;ev004,YES,YES,SUPERSEDED,2026-07-16,2026-08-31,02,系統軌樣本｜【R3h Phase F】已由 canonical anchor objects 與 CLM-GAP-LIMITED／PERMANENT／ALL-NEW／SYSTEM 取代，不再作 current SSOT
CLM-ANCHOR-SHIORI,baseline,CROSS_SERVER_FORECAST,栞（冬日）錨點：日 2026/03/16 → 台 2026/07/17 ＝123 天,SOURCE_FACT,A,ev027;ev028,YES,YES,SUPERSEDED,2026-07-18,2026-08-31,02;12,台側 2026-07-18 稽核官方直頁確認（池期 07/17–08/01）｜【R3h Phase F】已由 canonical anchor objects 與 CLM-GAP-LIMITED／PERMANENT／ALL-NEW／SYSTEM 取代，不再作 current SSOT
CLM-GAP-POOLTRACK,baseline,CROSS_SERVER_FORECAST,卡池軌差距中位數 122.5 天（n=2、離散 1 天）；信心中,DERIVED_CALCULATION,A,ev001;ev002;ev027;ev028,YES,YES,SUPERSEDED,2026-07-17,2026-08-31,02;40;41,"由錨點 1、3 推導之統計；A 級輸入的確定性計算（median([122,123])=122.5），不代表官方曾直接公布此統計｜【R3h Phase F】已由 canonical anchor objects 與 CLM-GAP-LIMITED／PERMANENT／ALL-NEW／SYSTEM 取代，不再作 current SSOT"
CLM-GAP-SYSTRACK,baseline,CROSS_SERVER_FORECAST,系統軌差距 75 天（n=1）；信心低,DERIVED_CALCULATION,A,ev003;ev004,YES,YES,SUPERSEDED,2026-07-17,2026-08-31,02,樣本 1；A 級輸入的確定性計算（n=1 單值=75），不代表官方曾直接公布此統計｜【R3h Phase F】已由 canonical anchor objects 與 CLM-GAP-LIMITED／PERMANENT／ALL-NEW／SYSTEM 取代，不再作 current SSOT
CLM-PITY-200,gacha,CROSS_SERVER_FORECAST,保底＝角色交換Pt 200Pt（雙邊官方）,SOURCE_FACT,A,ev003;ev004,YES,YES,ACTIVE,2026-07-16,2026-10-31,03;43,—
CLM-PITY-HIST300,gacha,JP,2019 年日服舊制 300Pt,SOURCE_FACT,A,ev005,N_A,YES,ACTIVE,2026-07-16,—,03;43,變更日期待查
CLM-PULL-COST-150,gacha,JP,單抽 150 寶石,SOURCE_FACT,D,ev036,NO,YES,ACTIVE,2026-07-16,2026-08-31,43,F03 修正：單一大型攻略站；台服遊戲內／官方可升 A
CLM-DEEP-JPNAME,glossary,JP,深域クエスト正式名＋借角規則（1 名支援、次數無上限）,SOURCE_FACT,A,ev006,N_A,YES,ACTIVE,2026-07-16,—,03;20,—
CLM-TW-DEEP-LAUNCH,baseline,TW,台服深域 2024/6 實裝（同捆屬性／同步／大師碎片）,SOURCE_FACT,A,ev007,N_A,YES,ACTIVE,2026-07-16,—,02;03,—
CLM-TW-DEEP-A8,baseline,TW,台服深域第8區於2025/11/15開放（五屬性各8-1～8-10）,SOURCE_FACT,A,ev008,N_A,YES,ACTIVE,2026-07-16,—,02;22,台服官方#3614既有Evidence；僅確認關卡存在，不支撐攻略隊伍、操作模式或可重現性
CLM-TW-DEEP-A10,baseline,TW,台服深域第10區於2026/07/15 16:00追加（五屬性各10-1~10-10）,SOURCE_FACT,A,ev029,N_A,YES,ACTIVE,2026-08-02,2026-08-31,02;22,2026-08-02官方直頁#3938完整抓取；僅確認關卡存在，攻略隊伍仍需獨立驗證後才可VERIFIED
CLM-JP-DEEP-A10,baseline,JP,日服深域 2026/03/16 開至第 10 區,SOURCE_FACT,D,ev009,NO,YES,ACTIVE,2026-07-16,2026-08-31,02,官方公告待補；候選錨點 #4
CLM-SHEFI-DATE,gacha,JP,シェフィ（ヴァードラッヘ）2026/06/30 實裝,SOURCE_FACT,A,ev010,N_A,YES,ACTIVE,2026-07-16,—,12;41,—
CLM-SHEFI-POOL,gacha,JP,シェフィ（ヴァードラッヘ）＝プリンセスフェス限定,SOURCE_FACT,A,ev032,N_A,YES,ACTIVE,2026-07-17,—,12;41;44,F04 修正：官方公告 #36760
CLM-SHEFI-EVAL-PVE,gacha,JP,シェフィ（ヴァードラッヘ）深域／單體 Boss 高適性,ANALYTICAL_JUDGMENT,D,ev011;ev012,NO,YES,ACTIVE,2026-07-17,2026-08-15,41;44,F03 修正：跨類型方向一致但不符 B／C 定義
CLM-SHEFI-ELEMENT,gacha,JP,シェフィ（ヴァードラッヘ）＝闇屬性,SOURCE_FACT,D,ev012,NO,UNKNOWN,ACTIVE,2026-07-16,2026-08-15,41,待官方頁核
CLM-LUISE-DATE,gacha,JP,ルイズマリー（サマー）2026/07/03 期間限定,SOURCE_FACT,A,ev013;ev033,YES,YES,ACTIVE,2026-08-02,—,12;41,2026-08-02官方直頁#36850完整抓取（DMM GAMES版官方站同ID）；池期2026/07/03~07/15已結束
CLM-LUISE-EVAL,gacha,JP,ルイズマリー（サマー）＝單體 Boss 水魔 buffer、非必須級,ANALYTICAL_JUDGMENT,D,ev014,NO,YES,ACTIVE,2026-07-16,2026-08-15,41;44,單一大型攻略站
CLM-KREDITTA-DATE,gacha,JP,クレジッタ（サマー）2026/07/15–07/31 期間限定,SOURCE_FACT,A,ev031,N_A,YES,ACTIVE,2026-07-17,—,02;12,本輪官網直驗
CLM-TW-SHIORI-POOL,baseline,TW,台服栞（冬日）2026/07/17 開池,SOURCE_FACT,A,ev028;ev034,YES,YES,ACTIVE,2026-07-18,—,02;12,2026-07-18 稽核官方直頁確認＋社群方向旁證
CLM-TW-UE2-NY3,baseline,TW,台服 2026/07/17 新年御三家專 2,SOURCE_FACT,A,ev030,N_A,YES,ACTIVE,2026-07-18,—,02;03,2026-07-18 稽核官方直頁確認
CLM-JPARENA-META,arena,JP,日服競技場常見防守核心與進攻原型（2026/07）,ANALYTICAL_JUDGMENT,D,ev015,NO,YES,ACTIVE,2026-07-16,2026-08-15,32,單一大型攻略站
CLM-JPARENA-TOOL,arena,JP,AppMedia 反制檢索工具現役（2026/07/15 更新）,ANALYTICAL_JUDGMENT,D,ev016,NO,YES,ACTIVE,2026-07-16,2026-08-15,34;01,頁面自述
CLM-ARENA-DEFENSE-STRUCT,arena,JP,可視防守在檢索工具時代不可恃；防守本質為拖延與威懾,ANALYTICAL_JUDGMENT,D,ev016;ev018,NO,YES,ACTIVE,2026-07-17,2026-08-31,32,F03 修正：v1.4 誤標 C；升 C 需第二筆獨立玩家紀錄
CLM-TWARENA-2409,arena,TW,2024/9 台服公競攻防構築（盲打防守約 6 成）,ANALYTICAL_JUDGMENT,D,ev017,NO,NO,STALE,2026-07-16,首次台服競技場研究,32,歷史起點，非現行環境
CLM-NOMAE-STALE,arena,JP,nomae arenadb 約 2020/11 後停更,SOURCE_FACT,D,ev018,NO,YES,ACTIVE,2026-07-16,—,34;01,—
CLM-PCRDFANS-TW,arena,UNKNOWN,pcrdfans 站內含 JP/CN/TW/Global 篩選,SOURCE_FACT,D,ev019,NO,YES,ACTIVE,2026-07-16,—,34;01,頁面直接可驗
CLM-SCHED-2020,baseline,TW,2020 未來視串因台服頻繁改順序停更,SOURCE_FACT,D,ev020,NO,YES,ACTIVE,2026-07-16,—,02,—
CLM-SCHED-2025,baseline,TW,2025/4 第二代卡池串停更（動力因素）,SOURCE_FACT,D,ev021,NO,YES,ACTIVE,2026-07-16,—,02,—
CLM-SEASONPASS,baseline,JP,シーズンパス月更（S1=2/28→S5=6/30）等近期系統,ANALYTICAL_JUDGMENT,D,ev022,NO,YES,ACTIVE,2026-07-16,2026-08-15,02;03,—
CLM-FES-ROSTER,glossary,JP,フェス限定＋名單含ライラエル／ネフィ＝ネラ（2026/02）,SOURCE_FACT,A,ev023,N_A,YES,ACTIVE,2026-07-16,—,03;12,—
CLM-TW-CURRENT-0717,baseline,TW,台服 7/17 現況：栞池／深域10區／專2新年御三家／討魔戰線等,SOURCE_FACT,A,ev024;ev028;ev029;ev030,YES,YES,SUPERSEDED,2026-07-17,事件觸發,02,含 ev029（待 91 §1 直頁回驗）；由CLM-TW-CURRENT-0802取代（歷史快照保留）
CLM-JP-CURRENT-0717,baseline,JP,日服 7/17 現況：クレジッタ池／7/15 新裝備等,SOURCE_FACT,A,ev025;ev031;ev026,YES,YES,SUPERSEDED,2026-07-17,事件觸發,02,—；由CLM-JP-CURRENT-0802取代（歷史快照保留）
CLM-JP-CHARCOUNT-338,baseline,JP,日服可用角色 338＋4,SOURCE_FACT,D,ev035,NO,YES,ACTIVE,2026-07-17,2026-08-31,02,—
CLM-TW-MAINLINE,baseline,TW,台服主線截至2026/08/02已驗證狀態：第3部第16章、Lv上限373（2026/07/15更新，ev043）。歷史鏈：01/15第14章(ev037)→04/15第15章確立(ev040)→06/15 Lv370(ev042)→07/15第16章/Lv373(ev043),SOURCE_FACT,A,ev037;ev040;ev042;ev043,N_A,YES,ACTIVE,2026-08-02,2026-08-31,02,2026-08-02官方直頁#3937完整抓取；08/02後更新須例行檢查
CLM-TW-DEEP-A9,baseline,TW,台服深域第9區於2026/01/15 16:00追加（五屬性9-1~9-10）,SOURCE_FACT,A,ev039,N_A,YES,ACTIVE,2026-07-20,2026-12-31,02,2026-07-20官方直頁確認
CLM-TW-SIXSTAR,baseline,TW,台服最新已驗證六星：涅婭★6才能開花（2026/06/15，ev041）。06/15後是否有後續六星須91§1例行檢查,SOURCE_FACT,A,ev041,N_A,YES,ACTIVE,2026-07-20,2026-12-31,02,2026-07-20官方直頁(3895)完整抓取確認；不宣稱絕對最新
CLM-TW-GRACE-POOL,gacha,TW,台服期間限定「格蕾斯（兔女郎）」精選轉蛋 2026/08/01 16:00～2026/08/11 15:59（當期最新卡池）,SOURCE_FACT,A,ev044,N_A,YES,ACTIVE,2026-08-02,2026-08-31,02;12,2026-08-02官方直頁#3963完整抓取；台服可用性已入18（grace_bunny）
CLM-TW-SANCTUM-TEMPLE-LV,baseline,TW,台服聖跡調查追加Lv10、神殿調查追加Lv5（2026/07/31官方公告）,SOURCE_FACT,A,ev045,N_A,YES,ACTIVE,2026-08-02,2026-09-30,02,生效時間細節依稽核轉述待直頁例行回驗（見ev045 limitations）
CLM-TW-CHALLENGE-AUG,pve_backlog,TW,台服8月「挑戰冒險」舉辦（2026/07/31官方預告公告）,SOURCE_FACT,A,ev046,N_A,YES,ACTIVE,2026-08-02,2026-08-31,02;23,窗口與規則細節待直頁例行回驗；列v1.6 PVE Backlog不中斷本輪深域Wave
CLM-TW-RIFT-AUG,pve_backlog,TW,台服「露娜之塔 次元斷層」8月舉辦（2026/07/31官方預告公告）,SOURCE_FACT,A,ev047,N_A,YES,ACTIVE,2026-08-02,2026-08-31,02;23,窗口細節待直頁例行回驗；列v1.6 PVE Backlog
CLM-JP-FUBUKI-DATE,gacha,JP,日服期間限定「フブキ（サマー）」ピックアップ 2026/07/31 12:00～2026/08/15 11:59,SOURCE_FACT,A,ev048,N_A,YES,ACTIVE,2026-08-02,2026-08-31,02;12;41,2026-08-02官方直頁#37049完整抓取；價值評估未完成前41列maturity=RESEARCH
CLM-TW-CURRENT-0802,baseline,TW,台服2026/08/02現況快照：主線第16章/Lv373（ev043）；當期池格蕾斯（兔女郎）08/01~08/11（ev044）；深域第10區已開放（ev029）；六星最新涅婭★6（ev041）,SOURCE_FACT,A,ev043;ev044;ev029;ev041,N_A,YES,ACTIVE,2026-08-02,2026-08-09,02,取代CLM-TW-CURRENT-0717；下次強制刷新2026-08-09或08/08直播後
CLM-JP-CURRENT-0802,baseline,JP,日服2026/08/02現況快照：當期池フブキ（サマー）07/31 12:00~08/15 11:59（ev048）；前池クレジッタ07/15~07/31（ev031）；8.5周年直前生放送公告已出（ev049）,SOURCE_FACT,A,ev048;ev031;ev049,N_A,YES,ACTIVE,2026-08-02,2026-08-09,02,取代CLM-JP-CURRENT-0717
CLM-PVE-F810-STD,pve,JP,火8-10 標準隊為露易絲瑪莉／萊拉耶爾（聖誕節）／克蘿茜（航空）／烏爾姆／琳德；appmatch=AUTO、jk=SEMI_AUTO（目押し3回）、tYw=SEMI_AUTO（4 Manuals），故操作模式維持 SOURCE_CONFLICT,ANALYTICAL_JUDGMENT,C,ev050;ev052;ev069,YES,YES,ACTIVE,2026-08-08,2026-09-30,22;23;24;25,ev052 於 00:45-05:50 顯示五人與初回クリア；ev069 於 00:00-05:05 顯示同五人與 WIN；相同五人只計一隊；獨立性以不同 host 的 ev050 與實戰影片成立，兩支影片不額外灌成兩份獨立來源；逐 slot 練度未知值不臆測
CLM-PVE-F1010-SCARCE,pve,TW,截至2026-08-02火10-10公開可追溯通關紀錄（文字層）極少：JP側niconico未見・TW側主要創作者止步10-9,ANALYTICAL_JUDGMENT,D,ev054;ev055,N_A,YES,ACTIVE,2026-08-02,2026-08-31,24;22;23,官方實裝（ev029）僅解除關卡存在；隊伍證據待後續輪補齊
CLM-TW-LUISE-ORIG-REL,availability,TW,台服「露易絲瑪莉」2025/09/04 16:00 期間限定精選轉蛋實裝,SOURCE_FACT,A,ev056,N_A,YES,ACTIVE,2026-08-02,2026-09-30,18;03;25,本Claim僅含台服官方事實；跨服映射＝CLM-LOC-LUISE-ORIG（B，ev056+ev068），已於 R3f 建立，dangling reference 解除
CLM-TW-CROCE-AERIAL-REL,availability,TW,台服「克蘿茜（航空）」2025/08/09 16:00 期間限定精選轉蛋實裝,SOURCE_FACT,A,ev057,N_A,YES,ACTIVE,2026-08-02,2026-09-30,18;03;25,【2026-08-03修正】依稽核§4.1拆分：本Claim僅含台服實裝事實（A／ev057）；台日映射為 CLM-LOC-CROCE-AERIAL（ANALYTICAL_JUDGMENT／B，ev057+ev065），非 A
CLM-TW-LAILAEL-XMAS-REL,availability,TW,台服「萊拉耶爾（聖誕節）」2025/04/01 16:00 期間限定精選轉蛋實裝,SOURCE_FACT,A,ev058,N_A,YES,ACTIVE,2026-08-02,2026-09-30,18;03;25,本Claim僅含台服官方事實；跨服映射為 CLM-LOC-LAILAEL-XMAS（B，ev058+ev066），JP #29527 已於 R3e 實開，映射已成立
CLM-TW-LIND-REL,availability,TW,台服「琳德」2025/02/10 16:00 精選轉蛋實裝；為常駐新角色（非期間限定）,SOURCE_FACT,A,ev059,N_A,YES,ACTIVE,2026-08-03,2026-09-30,18;03;25,日服對應已由 CLM-JP-LIND-REL（A／ev063）與 CLM-LOC-LIND（ANALYTICAL_JUDGMENT／B）處理；本Claim僅含台服實裝事實
CLM-TW-VURM-REL,availability,TW,台服「烏爾姆」2025/02/17 16:00 精選轉蛋實裝；為常駐新角色（非期間限定）,SOURCE_FACT,A,ev060,N_A,YES,ACTIVE,2026-08-03,2026-09-30,18;03;25,日服對應已由 CLM-JP-VURM-REL（A／ev064）與 CLM-LOC-VURM（ANALYTICAL_JUDGMENT／B）處理；本Claim僅含台服實裝事實；媒體誤植「爾姆」以官方「烏爾姆」為準
CLM-TW-LIND-VURM-FIRE,availability,TW,台服琳德與烏爾姆為火屬性★3角色,SOURCE_FACT,D,ev061,N_A,YES,PENDING_REVIEW,2026-08-03,2026-09-30,18;24;25,僅搜尋摘要層（#3576未開直頁）→ 依Q1規則4維持D／PENDING_REVIEW；ev061 已標 PENDING_REVIEW，須**回驗**官方直頁 #3576 後方可升 OFFICIAL／A；此屬性關聯對紅焰深域隊伍合理性有支撐但本輪不作結論
CLM-TW-LIND-VURM-UE1,availability,TW,台服琳德與烏爾姆之角色專用裝備1於2026/02/22 16:00起開放,SOURCE_FACT,A,ev062,N_A,YES,ACTIVE,2026-08-03,2026-09-30,18;25,僅證明UE1可取得；不得據此推論隊伍所需UE1等級、專2狀態、六星或全自動可重現性（稽核文件§3.4同此限制）
CLM-JP-LIND-REL,availability,JP,日服「リンド」2024/10/10 12:00 PU轉蛋實裝（常駐新角）,SOURCE_FACT,A,ev063,N_A,YES,ACTIVE,2026-08-03,2026-09-30,41;93,純日服事實；不含台日映射（映射另建CLM-LOC-LIND）
CLM-JP-VURM-REL,availability,JP,日服「ヴルム」2024/10/18 12:00 PU轉蛋實裝（常駐新角）,SOURCE_FACT,A,ev064,N_A,YES,ACTIVE,2026-08-03,2026-09-30,41;93,純日服事實；不含台日映射（映射另建CLM-LOC-VURM）
CLM-LOC-LIND,availability,CROSS_SERVER_MAPPING,台服「琳德」＝日服「リンド」為同一角色同一版本,ANALYTICAL_JUDGMENT,B,ev059;ev063,YES,YES,ACTIVE,2026-08-03,2026-09-30,03;18;41,"跨服 entity resolution（record linkage 判斷，非數學運算）。discriminator 分層：①共同條件僅鎖定角色對——リンド與ヴルム兩人共用同一劇情解鎖條件（メインストーリー第3部 第9章 第9話），琳德與烏爾姆亦同，故該證據只能確立集合對應{リンド,ヴルム}↔{琳德,烏爾姆}，無法單獨區分個別配對；②個別配對依官方名稱音譯一致、兩服推出順序一致（JP リンド→ヴルム／TW 琳德→烏爾姆）、成對推出脈絡一致、皆為常駐新角完成；③殘餘歧義：無官方跨服對照聲明，故上限 B"
CLM-LOC-VURM,availability,CROSS_SERVER_MAPPING,台服「烏爾姆」＝日服「ヴルム」為同一角色同一版本,ANALYTICAL_JUDGMENT,B,ev060;ev064,YES,YES,ACTIVE,2026-08-03,2026-09-30,03;18;41,跨服 entity resolution（record linkage 判斷，非數學運算）。discriminator 與殘餘歧義同 CLM-LOC-LIND：共同劇情解鎖條件僅鎖定角色對，個別配對由名稱音譯、兩服推出順序（JP 間隔8日／TW 間隔7日）、成對脈絡與常駐屬性一致共同完成；無官方跨服對照聲明故上限 B
CLM-JP-CROCE-AERIAL-REL,availability,JP,日服「クローチェ（エアリアル）」2025/04/08 12:00 PU轉蛋實裝（期間限定）,SOURCE_FACT,A,ev065,N_A,YES,ACTIVE,2026-08-03,2026-09-30,41;93,純日服事實；不含台日映射
CLM-LOC-CROCE-AERIAL,availability,CROSS_SERVER_MAPPING,台服「克蘿茜（航空）」＝日服「クローチェ（エアリアル）」為同一角色同一版本,ANALYTICAL_JUDGMENT,B,ev057;ev065,YES,YES,ACTIVE,2026-08-03,2026-09-30,03;18;41,跨服 entity resolution（record linkage 判斷，非數學運算）。discriminator：①角色劇情解鎖指向同一劇情活動之第6話，活動名逐字對應且含特徵數字「4.1秒前」（超鋼乙女ギガンティックローチェ ～大出撃！ランドソル爆発4.1秒前～／超鋼少女巨型克蘿茜 ～大出擊！蘭德索爾爆炸4.1秒前～）②兩服皆標期間限定 ③版本後綴位置一致；殘餘歧義：該活動另有アオイ／蒼井登場，活動名本身不排他，個別鎖定仍依賴角色名與版本後綴，故上限 B
CLM-JP-LAILAEL-XMAS-REL,availability,JP,日服「ライラエル（クリスマス）」2024/11/30 12:00 PU轉蛋實裝（期間限定）,SOURCE_FACT,A,ev066,N_A,YES,ACTIVE,2026-08-03,2026-09-30,41;93,純日服事實；不含台日映射
CLM-LOC-LAILAEL-XMAS,availability,CROSS_SERVER_MAPPING,台服「萊拉耶爾（聖誕節）」＝日服「ライラエル（クリスマス）」為同一角色同一版本,ANALYTICAL_JUDGMENT,B,ev058;ev066,YES,YES,ACTIVE,2026-08-03,2026-09-30,03;18;41,跨服 entity resolution（record linkage 判斷，非數學運算）。discriminator：①角色劇情解鎖同指向聖誕劇情活動之最終段（JP「ラブ＆パニッシュメント 悪魔が届けるクリスマス」エンディング／TW「Love＆Punishment 惡魔送來的聖誕節」終幕，活動名逐字對應）②兩服皆標期間限定 ③版本後綴聖誕一致 ④官方名稱音譯一致；殘餘歧義：該活動另有イオ（クリスマス）同期登場，活動名本身不排他，個別鎖定仍依賴角色名與版本後綴，故上限 B
CLM-JP-LUISE-ORIG-REL,availability,JP,日服「ルイズマリー」2025/05/03 19:00 PU轉蛋實裝（期間限定）,SOURCE_FACT,A,ev068,N_A,YES,ACTIVE,2026-08-03,2026-09-30,41;93,純日服事實；不含台日映射
CLM-LOC-LUISE-ORIG,availability,CROSS_SERVER_MAPPING,台服「露易絲瑪莉」＝日服「ルイズマリー」原版為同一角色同一版本,ANALYTICAL_JUDGMENT,B,ev056;ev068,YES,YES,ACTIVE,2026-08-03,2026-09-30,03;18;41,跨服 entity resolution（record linkage 判斷，非數學運算）。discriminator：①兩服同期自選獎勵轉蛋候補六人逐一同序對應（JP ワカナ／ヤマト／フブキ／ノゾミ（アルケミスト）／キョウカ（スプリング）／スズメ（スプリング）＝TW 若菜／倭／布武機／望（鍊金術師）／鏡華（春日）／鈴莓（春日））②兩服皆期間限定且同為原版無版本後綴 ③大師碎片×3與記憶碎片×200規則一致 ④名稱音譯一致；殘餘歧義：本頁無活動劇情解鎖條件此類唯一識別，且無官方跨服對照聲明，故上限 B
CLM-JP-SHIORI-WINTER-REL,availability,JP,日服「シオリ（ウィンター）」2026/03/16 卡池實裝,SOURCE_FACT,A,ev027,N_A,YES,ACTIVE,2026-07-18,2026-09-30,41;93,沿用既有已驗證官方直頁 Evidence（#35686），本輪未重新開啟直頁；verified_date 保留原值 2026-07-18，非 R3f 重驗
CLM-LOC-SHIORI-WINTER,availability,CROSS_SERVER_MAPPING,台服「栞（冬日）」＝日服「シオリ（ウィンター）」為同一角色同一版本,ANALYTICAL_JUDGMENT,B,ev027;ev028,YES,YES,ACTIVE,2026-08-03,2026-09-30,02;41;93,跨服 entity resolution（record linkage 判斷，非數學運算）。JP Evidence＝ev027（#35686）／TW Evidence＝ev028（#3940），雙官方 host。判斷依據：角色名音譯一致、版本後綴冬日／ウィンター一致、兩服皆期間限定卡池、活動內順序（若菜→栞）兩服一致。本輪未重新開啟兩頁直頁，沿用既有 A 級 Evidence。殘餘歧義：無官方跨服對照聲明，故上限 B
CLM-JP-EXPT-REL,availability,JP,日服角色交換Pt道具機制 2025/12/31 實裝,SOURCE_FACT,A,ev003,N_A,YES,ACTIVE,2026-07-16,2026-09-30,41;93,沿用既有已驗證官方直頁 Evidence（#34623），本輪未重新開啟直頁；verified_date 保留原值 2026-07-16
CLM-TW-EXPT-REL,availability,TW,台服角色交換Pt道具機制 2026/03/16 實裝,SOURCE_FACT,A,ev004,N_A,YES,ACTIVE,2026-07-16,2026-09-30,41;93,沿用既有已驗證官方直頁 Evidence（#3765），本輪未重新開啟直頁；verified_date 保留原值 2026-07-16
CLM-LOC-EXPT-MECHANISM,availability,CROSS_SERVER_MAPPING,台服與日服之角色交換Pt道具機制為同一系統功能,ANALYTICAL_JUDGMENT,B,ev003;ev004,YES,YES,ACTIVE,2026-08-03,2026-09-30,02;41;93,跨服 entity resolution（record linkage 判斷，非數學運算）。JP Evidence＝ev003（#34623）／TW Evidence＝ev004（#3765），雙官方 host。判斷依據：功能名稱與運作規則對應、屬系統軌非卡池軌。本輪未重新開啟兩頁直頁，沿用既有 A 級 Evidence。殘餘歧義：系統功能無角色版本後綴可資鎖定，跨服同一性依功能描述比對，且無官方跨服對照聲明，故上限 B
CLM-JP-WAKANA-WINTER-REL,availability,JP,日服「ワカナ（ウィンター）」2026/03/03 卡池實裝,SOURCE_FACT,A,ev001,N_A,YES,ACTIVE,2026-07-16,2026-09-30,41;93,沿用既有已驗證官方直頁 Evidence（#35568），本輪未重新開啟直頁。注意：對應之 TW fact 尚未建立，因 ev002 之 source_url 僅指向台服新聞列表首頁（非官方直頁、locator 空白），依 R3f eligibility 規則不得作為新 anchor 之 TW 直頁證據
CLM-TW-WAKANA-WINTER-REL,availability,TW,台服「若菜（冬日）」2026/07/04 16:00 期間限定精選轉蛋實裝,SOURCE_FACT,A,ev002,N_A,YES,ACTIVE,2026-08-04,2026-09-30,02;12;18;41,本Claim僅含台服官方事實；開池日 2026-07-04（≠公告日 2026-07-03）；跨服映射見 CLM-LOC-WAKANA-WINTER
CLM-LOC-WAKANA-WINTER,availability,CROSS_SERVER_MAPPING,台服「若菜（冬日）」＝日服「ワカナ（ウィンター）」為同一角色同一版本,ANALYTICAL_JUDGMENT,B,ev001;ev002,YES,YES,ACTIVE,2026-08-04,2026-09-30,02;03;41,跨服 entity resolution（record linkage 判斷，非數學運算）。JP Evidence＝ev001（#35568）／TW Evidence＝ev002（#3925），雙官方 host。discriminator：①角色劇情第1話解鎖條件同指向同一劇情活動終幕，活動名逐字對應（爆熱！ピーチクラッシュ・トーナメント ワカナ＆シオリのHIP＆SPLASH／爆熱！蜜桃碰撞淘汰賽 若菜＆栞的HIP＆SPLASH）②同期自選獎勵候補四人逐一同序對應（アネモネ（サマー）／クリア（サマー）／チカ（儀装束）／ランファ（儀装束）＝安涅默涅（夏日）／可璃亞（夏日）／千歌（祭服）／蘭法（祭服））③兩服皆期間限定 ④版本後綴冬日／ウィンター一致；殘餘歧義：該活動同時涉及栞／シオリ，活動名本身不排他，個別鎖定仍依賴角色名與版本後綴，且無官方跨服對照聲明，故上限 B
CLM-GAP-LIMITED,gacha,CROSS_SERVER_MAPPING,台日限定角卡池延遲 LIMITED：n＝5｜中位數 123｜範圍 122–124,DERIVED_CALCULATION,B,ev001;ev002;ev027;ev028;ev058;ev066;ev057;ev065;ev056;ev068,YES,YES,ACTIVE,2026-08-04,2026-09-30,02;40;41,計算式＝tw_date−jp_date 逐筆日數後取中位數；輸入 anchors＝POOL-WAKANA-WINTER(123)／POOL-SHIORI-WINTER(123)／POOL-LAILAEL-XMAS(122)／POOL-CROCE-AERIAL(123)／POOL-LUISE-ORIG(124)；非官方直接公布；每筆 anchor 之跨服 identity 依賴 B 級 Mapping Claim，故整體上限 B
CLM-GAP-PERMANENT,gacha,CROSS_SERVER_MAPPING,台日常駐新角卡池延遲 PERMANENT：n＝2｜中位數 122.5｜範圍 122–123,DERIVED_CALCULATION,B,ev059;ev063;ev060;ev064,YES,YES,ACTIVE,2026-08-04,2026-09-30,02;40;41,計算式同上；輸入 anchors＝POOL-LIND(123)／POOL-VURM(122)；n=2 樣本極少，僅供對照不得單獨作預測依據；非官方直接公布；上限 B
CLM-GAP-ALL-NEW,gacha,CROSS_SERVER_MAPPING,台日新角卡池延遲合併統計 ALL_NEW：n＝7｜中位數 123｜範圍 122–124,DERIVED_CALCULATION,B,ev001;ev002;ev027;ev028;ev058;ev066;ev057;ev065;ev056;ev068;ev059;ev063;ev060;ev064,YES,YES,ACTIVE,2026-08-04,2026-09-30,02;40;41,計算式＝LIMITED 與 PERMANENT 之合併集合再取中位數；SYSTEM 軌不併入；非官方直接公布；上限 B
CLM-GAP-SYSTEM,gacha,CROSS_SERVER_MAPPING,台日系統功能延遲 SYSTEM：n＝1｜中位數 75｜範圍 75–75,DERIVED_CALCULATION,B,ev003;ev004,YES,YES,ACTIVE,2026-08-04,2026-09-30,02;40;41,計算式同上；輸入 anchor＝SYSTEM-EXCHANGE-PT-ITEMS(75)；n=1 不得作趨勢推論；不得混入角色卡池統計；非官方直接公布；上限 B
CLM-PVE-F810-SHIZURU,pve,CROSS_SERVER_MAPPING,火8-10 第二支可追溯隊＝靜流（情人節）／萊拉耶爾（聖誕節）／克蘿茜（航空）／烏爾姆／露易絲瑪莉；操作為 SEMI_AUTO,ANALYTICAL_JUDGMENT,C,ev070;ev071;ev072;ev073,YES,YES,ACTIVE,2026-08-08,2026-09-30,22;23;24;25,三支實戰影片均顯示相同五人與擊破結果且 GameWith 另有完整文字隊伍與步驟；獨立性以不同 host 的 ev070 與 ev073 成立，ev071／ev072 僅作交叉旁證；多來源仍同五人只計一隊；逐 slot 完整練度未齊故保留 UNKNOWN
CLM-PVE-F810-NOLUISE,pve,JP,火8-10 第三支可追溯隊＝真步（夏日）／萊拉耶爾（聖誕節）／克蘿茜（航空）／烏爾姆／優衣（聖誕節）；操作為 SEMI_AUTO 且克蘿茜（航空）為借角想定,ANALYTICAL_JUDGMENT,D,ev051;ev057;ev058;ev060;ev073;ev075;ev076,N_A,YES,ACTIVE,2026-08-08,2026-09-30,22;23;24;25,【僅供參考】ev051 單一實戰在 00:12 顯示完整五人並於 03:15 顯示角色 EXP／等級上升與取得報酬的通關後 UI；ev051 單獨支撐關卡＋五人＋通關，故上限 D；ev073 僅交叉辨識角色圖示／版本，不作通關證據；ev057／ev058／ev060／ev075／ev076 只支撐台服可用性與官方名
CLM-TW-SHIZURU-VAL-AVAILABLE,availability,TW,台服官方公告於 2026/06/01 起的自選獎勵轉蛋列出「靜流（情人節）」且 #2873 亦列入火屬性限定候補，因此目前台服 AVAILABLE,SOURCE_FACT,A,ev074;ev075,N_A,YES,ACTIVE,2026-08-08,2026-09-30,03;18;25,兩頁皆為台服官方直頁且本輪實開；不是初次實裝公告所以不填造 tw_release_date
CLM-TW-MAHO-SUMMER-AVAILABLE,availability,TW,台服官方 #2873 火屬性自選★3必中白金轉蛋列出「真步（夏日）」為限定候補，因此目前台服 AVAILABLE,SOURCE_FACT,A,ev075,N_A,YES,ACTIVE,2026-08-08,2026-09-30,03;18;25,本輪官方直頁實開；不是初次實裝公告所以不填造 tw_release_date
CLM-TW-YUI-XMAS-REL,availability,TW,台服「優衣（聖誕節）」於 2026/04/01 16:00 期間限定精選轉蛋實裝,SOURCE_FACT,A,ev076,N_A,YES,ACTIVE,2026-08-08,2026-09-30,03;18;25,本 Claim 只含台服官方事實；跨服映射＝CLM-LOC-YUI-XMAS
CLM-TW-LAILAEL-XMAS-UE1,availability,TW,台服於 2026/04/10 16:00 起為「萊拉耶爾（聖誕節）」追加角色專用裝備1,SOURCE_FACT,A,ev077,N_A,YES,ACTIVE,2026-08-08,2026-09-30,18;23;99,#3805 本輪依工單只重試一次且官方直頁成功實開；僅證明 UE1 已追加不推定等級
CLM-LOC-SHIZURU-VALENTINE,availability,CROSS_SERVER_MAPPING,台服「靜流（情人節）」＝日服「シズル（バレンタイン）」為同一角色同一版本,ANALYTICAL_JUDGMENT,B,ev073;ev074;ev075,YES,YES,ACTIVE,2026-08-08,2026-09-30,03;18;25,GameWith 日文完整名／圖示與兩份台服官方中文名交叉映射；版本後綴情人節／バレンタイン一致；無官方跨服對照聲明故上限 B
CLM-LOC-MAHO-SUMMER,availability,CROSS_SERVER_MAPPING,台服「真步（夏日）」＝GameWith 表記「水着マホ」所指之マホ（サマー）版本,ANALYTICAL_JUDGMENT,B,ev073;ev075,YES,YES,ACTIVE,2026-08-08,2026-09-30,03;18;25,GameWith 日文角色圖示／水着表記與台服官方「夏日」版本交叉映射；無官方跨服對照聲明且日文來源採水着簡稱故上限 B
CLM-LOC-YUI-XMAS,availability,CROSS_SERVER_MAPPING,台服「優衣（聖誕節）」＝日服「ユイ（クリスマス）」為同一角色同一版本,ANALYTICAL_JUDGMENT,B,ev073;ev076,YES,YES,ACTIVE,2026-08-08,2026-09-30,03;18;25,GameWith 日文完整名／圖示與台服官方中文名交叉映射；版本後綴聖誕節／クリスマス一致；無官方跨服對照聲明故上限 B
CLM-PVE-TL-F810-SHIZURU,pve,JP,GameWith 火8-10 的 2025 年 9 月魔法半自動段落為 TM-F810-02 列出八組有順序的操作手順；本專案將複合手順拆為十四個原子動作但不補來源未載的容錯與失敗結果,SOURCE_FACT,D,ev073,N_A,YES,ACTIVE,2026-08-08,2026-09-30,21;23;26;27,2026-08-08 已實際開啟正文並逐項核對；來源 locator 精確到 2025 年 9 月魔法半自動手順 1–8；跨服可轉用性尚未於台服逐步重現故不得高於 D 或標 TW_REPRODUCED
CLM-TW-ANNE-GREA-REL,availability,TW,台服期間限定角色「安＆古蕾婭」於 2023/05/04 16:00 在公主祭典精選轉蛋實裝,SOURCE_FACT,A,ev078,N_A,YES,ACTIVE,2026-08-08,2026-09-30,03;18;23;25,只含台服官方正文直接支持的角色名與實裝事實；不含跨服名稱對照或強化狀態
CLM-LOC-ANNE-GREA,availability,CROSS_SERVER_MAPPING,台服「安＆古蕾婭」＝日服「アン＆グレア」為同一角色同一版本,ANALYTICAL_JUDGMENT,B,ev078;ev079,YES,YES,ACTIVE,2026-08-08,2026-09-30,03;18;23;25,以台服與日服兩個官方 host 的角色名、雙人組合及同版本登場資訊交叉比對；無官方跨服對照聲明故上限 B
CLM-TW-MIO-NGS-AVAILABLE,availability,TW,台服官方復刻活動明示「未央（NGs）」可成為夥伴，因此目前台服 AVAILABLE,SOURCE_FACT,A,ev080,N_A,YES,ACTIVE,2026-08-08,2026-09-30,03;18;23;25,只含台服官方正文直接支持的目前可取得事實與官方中文名；不是初次實裝公告所以不推定實裝日
CLM-LOC-MIO-NGS,availability,CROSS_SERVER_MAPPING,台服「未央（NGs）」＝日服「ミオ（デレマス）」為同一角色同一版本,ANALYTICAL_JUDGMENT,B,ev080;ev081,YES,YES,ACTIVE,2026-08-08,2026-09-30,03;18;23;25,以台服與日服兩個官方 host 的角色名、聯動作品與角色身分交叉比對；兩服版本後綴不同且無官方跨服對照聲明故上限 B
CLM-PVE-F810-ANNEGREA,pve,JP,火 8-10 第四支可追溯隊＝萊拉耶爾（聖誕節）／克蘿茜（航空）／烏爾姆／安＆古蕾婭／優衣（聖誕節）；來源未充分聲明操作模式故維持 UNKNOWN,ANALYTICAL_JUDGMENT,D,ev057;ev058;ev060;ev076;ev078;ev079;ev082,N_A,YES,ACTIVE,2026-08-08,2026-09-30,22;23;24;25;26,ev082 單一實戰直接支撐關卡＋完整五人＋Boss HP 歸零；其餘 Evidence 僅支撐台服可用性與名稱映射；不從 AUTO／SET 畫面臆測全程 operation mode
CLM-PVE-F810-MIO,pve,JP,火 8-10 第五支可追溯隊＝克蘿茜（航空）／烏爾姆／未央（NGs）／安＆古蕾婭／優衣（聖誕節）；來源聲明 SEMI_AUTO,ANALYTICAL_JUDGMENT,D,ev057;ev060;ev076;ev078;ev079;ev080;ev081;ev083,N_A,YES,ACTIVE,2026-08-08,2026-09-30,22;23;24;25;26,ev083 單一實戰直接支撐關卡＋完整五人＋勝利；其餘 Evidence 僅支撐台服可用性與名稱映射；來源全域養成條件不拆成逐 slot 事實
CLM-PVE-TL-F810-MIO,pve,JP,ev083 為 TM-F810-05 提供五條帶倒數時間及 AUTO 狀態的來源文字；無法確證的 actor／action 語意只保存為 SOURCE_TEXT_ONLY／NO_ACTION,SOURCE_FACT,D,ev083,N_A,YES,ACTIVE,2026-08-08,2026-09-30,21;23;26;27,來源影片與說明已實際開啟；僅保存來源明載時間、文字與 AUTO 狀態，不把括號樣式或全域養成條件推導成逐 slot 操作事實；尚未於台服逐步重現
CLM-PVE-W810-MISORA-NANAKA,pve,TW,蒼波8-10第一支可追溯隊＝雪野／愛梅斯（夏日）／美空（聖誕節）／七七香（夏日）／薇歐莉特（黃泉鯨命）；操作為MANUAL_TIMELINE,ANALYTICAL_JUDGMENT,D,ev084;ev091;ev092;ev093;ev094;ev099;ev100;ev101;ev102;ev103;ev104,N_A,YES,ACTIVE,2026-08-08,2026-09-30,22;23;24;25;26,【僅供參考】ev084單一台服玩家影片直接支撐完整五人、明確關卡與CLEAR；其餘Evidence只支撐台服可用性及官方名映射；2目押與世界線風險不泛化為穩定重現
CLM-PVE-W810-SONO-NINON,pve,TW,蒼波8-10第二支可追溯隊＝雪野／愛梅斯（夏日）／苑／妮諾（夏日）／薇歐莉特（黃泉鯨命）；操作為SEMI_AUTO,ANALYTICAL_JUDGMENT,D,ev085;ev091;ev092;ev093;ev094;ev095;ev096;ev097;ev098;ev103;ev104,N_A,YES,ACTIVE,2026-08-08,2026-09-30,22;23;24;25;26,【僅供參考】ev085單一台服玩家影片顯示Boss HP=0/270000000與剩0:22；其餘Evidence只支撐可用性及名稱；TP5.0+未逐slot歸屬
CLM-PVE-W810-LABYRISTA-SONO,pve,TW,蒼波8-10第三支可追溯隊＝雪野／愛梅斯（夏日）／拉比林斯達（始源）／苑／薇歐莉特（黃泉鯨命）；操作為AUTO,ANALYTICAL_JUDGMENT,D,ev086;ev091;ev092;ev093;ev094;ev095;ev096;ev103;ev104;ev105;ev106,N_A,YES,ACTIVE,2026-08-08,2026-09-30,22;23;24;25;26,【僅供參考】ev086單一台服玩家影片顯示Boss HP=0/270000000與剩0:03；阿法晶只作來源俗稱並正規化為拉比林斯達（始源），不是克莉絲提娜
CLM-PVE-W810-SONO-NANAKA,pve,TW,蒼波8-10第四支可追溯隊＝雪野／愛梅斯（夏日）／苑／七七香（夏日）／薇歐莉特（黃泉鯨命）；操作為AUTO,ANALYTICAL_JUDGMENT,D,ev087;ev091;ev092;ev093;ev094;ev095;ev096;ev099;ev100;ev103;ev104,N_A,YES,ACTIVE,2026-08-08,2026-09-30,22;23;24;25;26,【僅供參考】ev087單一台服玩家影片顯示Boss HP=0/270000000與剩0:05後進入Now Loading；O／X樣式不拆為逐slot需求
CLM-PVE-W810-MISORA-SONO,pve,TW,蒼波8-10第五支可追溯隊＝雪野／愛梅斯（夏日）／美空（聖誕節）／苑／薇歐莉特（黃泉鯨命）；操作為AUTO,ANALYTICAL_JUDGMENT,D,ev088;ev091;ev092;ev093;ev094;ev095;ev096;ev101;ev102;ev103;ev104,N_A,YES,ACTIVE,2026-08-08,2026-09-30,22;23;24;25;26,【僅供參考】ev088單一台服玩家影片顯示Boss HP=0/270000000與剩0:17；全SET及OXOOO替代樣式均只保存來源聲明，不作多次重現保證
CLM-PVE-TL-W810-01,pve,TW,ev084為TM-W810-01提供本影片世界線B的九個原子步驟；只將兩個來源標☆目押保存為愛梅斯UB，其餘O／X與角色箭頭保留來源文字,SOURCE_FACT,D,ev084,N_A,YES,ACTIVE,2026-08-08,2026-09-30,21;23;26;27,實際開啟影片與完整說明；不把世界線A重複建為同來源第二條axis，也不補來源未載的逐slot需求與容錯
CLM-PVE-TL-W810-02,pve,TW,ev085為TM-W810-02提供本影片世界線B的六個帶倒數時間及AUTO狀態步驟；世界線A與TP4.0–4.4版本只留風險備註,SOURCE_FACT,D,ev085,N_A,YES,ACTIVE,2026-08-08,2026-09-30,21;23;26;27,實際開啟影片與完整說明；只保存明載時間、Boss UB與AUTO切換，不推定角色箭頭必為UB或SET原子動作
CLM-PVE-TL-W810-03,pve,TW,ev086明示TM-W810-03於1:30開場OXOOX且AUTO ON；本專案以WAVE_START／NO_ACTION加raw_set_pattern保存而不拆解O／X,SOURCE_FACT,D,ev086,N_A,YES,ACTIVE,2026-08-08,2026-09-30,21;23;26;27,單一玩家來源D；TW_REPRODUCED只表示該來源台服影片完成此輪，不表示本專案或多玩家重現
CLM-PVE-TL-W810-04,pve,TW,ev087明示TM-W810-04於1:30開場OOOXO且AUTO ON；本專案以WAVE_START／NO_ACTION加raw_set_pattern保存而不拆解O／X,SOURCE_FACT,D,ev087,N_A,YES,ACTIVE,2026-08-08,2026-09-30,21;23;26;27,單一玩家來源D；來源全域養成不拆填逐slot，亦不從一次成功推定穩定度
CLM-PVE-TL-W810-05,pve,TW,ev088明示TM-W810-05於1:30全SET全自動且OXOOO亦可；本專案以WAVE_START／NO_ACTION加raw_set_pattern=全SET保存主要聲明,SOURCE_FACT,D,ev088,N_A,YES,ACTIVE,2026-08-08,2026-09-30,21;23;26;27,單一玩家來源D；替代OXOOO保留在說明與failure_conditions，不建立第二條同來源axis
CLM-TW-YUKINO-REL,availability,TW,台服「雪野」於2026/02/01 16:00在精選轉蛋實裝,SOURCE_FACT,A,ev091,N_A,YES,ACTIVE,2026-08-08,2026-09-30,03;18;23;25,本Claim只含台服官方正文直接支持的角色名與實裝事實；跨服對照另見CLM-LOC-YUKINO
CLM-TW-AMES-SUMMER-REL,availability,TW,台服「愛梅斯（夏日）」於2024/12/01 16:00在精選轉蛋實裝,SOURCE_FACT,A,ev093,N_A,YES,ACTIVE,2026-08-08,2026-09-30,03;18;23;25,本Claim只含台服官方正文直接支持的角色名與實裝事實；跨服對照另見CLM-LOC-AMES-SUMMER
CLM-TW-SONO-REL,availability,TW,台服「苑」於2025/09/16 16:00在精選轉蛋實裝,SOURCE_FACT,A,ev095,N_A,YES,ACTIVE,2026-08-08,2026-09-30,03;18;23;25,本Claim只含台服官方正文直接支持的角色名與實裝事實；跨服對照另見CLM-LOC-SONO
CLM-TW-NINON-SUMMER-REL,availability,TW,台服「妮諾（夏日）」於2025/12/16 16:00在精選轉蛋實裝,SOURCE_FACT,A,ev097,N_A,YES,ACTIVE,2026-08-08,2026-09-30,03;18;23;25,本Claim只含台服官方正文直接支持的角色名與實裝事實；跨服對照另見CLM-LOC-NINON-SUMMER
CLM-TW-NANAKA-SUMMER-AVAILABLE,availability,TW,台服官方公告列出「七七香（夏日）」為可取得角色，因此目前台服AVAILABLE,SOURCE_FACT,A,ev099,N_A,YES,ACTIVE,2026-08-08,2026-09-30,03;18;23;25,官方頁不是首次實裝公告所以tw_release_date維持空白；不推定逐項強化
CLM-TW-MISORA-XMAS-REL,availability,TW,台服「美空（聖誕節）」於2026/04/16 16:00在精選轉蛋實裝,SOURCE_FACT,A,ev101,N_A,YES,ACTIVE,2026-08-08,2026-09-30,03;18;23;25,本Claim只含台服官方正文直接支持的角色名與實裝事實；跨服對照另見CLM-LOC-MISORA-XMAS
CLM-TW-VIOLET-ISANAMI-REL,availability,TW,台服「薇歐莉特（黃泉鯨命）」於2026/06/01 16:00在精選轉蛋實裝,SOURCE_FACT,A,ev103,N_A,YES,ACTIVE,2026-08-08,2026-09-30,03;18;23;25,本Claim只含台服官方名稱與實裝；水堇是社群俗稱不得取代官方名
CLM-TW-LABYRISTA-ALPHA-REL,availability,TW,台服「拉比林斯達（始源）」於2025/06/01 16:00在精選轉蛋實裝,SOURCE_FACT,A,ev105,N_A,YES,ACTIVE,2026-08-08,2026-09-30,03;18;23;25,本Claim只含台服官方名稱與實裝；阿法晶是社群俗稱且不是克莉絲提娜
CLM-LOC-YUKINO,availability,CROSS_SERVER_MAPPING,台服「雪野」＝日服「ユキノ」為同一角色原版,ANALYTICAL_JUDGMENT,B,ev091;ev092,YES,YES,ACTIVE,2026-08-08,2026-09-30,03;18;23;25,以兩個官方host的角色名、原版無後綴及登場資料交叉比對；無官方跨服對照聲明故上限B
CLM-LOC-AMES-SUMMER,availability,CROSS_SERVER_MAPPING,台服「愛梅斯（夏日）」＝日服「アメス（サマー）」為同一角色夏日版本,ANALYTICAL_JUDGMENT,B,ev093;ev094,YES,YES,ACTIVE,2026-08-08,2026-09-30,03;18;23;25,以兩個官方host的角色名及夏日／サマー版本後綴交叉比對；無官方跨服對照聲明故上限B
CLM-LOC-SONO,availability,CROSS_SERVER_MAPPING,台服「苑」＝日服「ソノ」為同一角色原版,ANALYTICAL_JUDGMENT,B,ev095;ev096,YES,YES,ACTIVE,2026-08-08,2026-09-30,03;18;23;25,以兩個官方host的角色名、原版無後綴及登場資料交叉比對；無官方跨服對照聲明故上限B
CLM-LOC-NINON-SUMMER,availability,CROSS_SERVER_MAPPING,台服「妮諾（夏日）」＝日服「ニノン（サマー）」為同一角色夏日版本,ANALYTICAL_JUDGMENT,B,ev097;ev098,YES,YES,ACTIVE,2026-08-08,2026-09-30,03;18;23;25,以兩個官方host的角色名及夏日／サマー版本後綴交叉比對；無官方跨服對照聲明故上限B
CLM-LOC-NANAKA-SUMMER,availability,CROSS_SERVER_MAPPING,台服「七七香（夏日）」＝日服「ナナカ（サマー）」為同一角色夏日版本,ANALYTICAL_JUDGMENT,B,ev099;ev100,YES,YES,ACTIVE,2026-08-08,2026-09-30,03;18;23;25,以兩個官方host的角色名及夏日／サマー版本後綴交叉比對；台服頁不是首次實裝且無官方跨服聲明，故上限B
CLM-LOC-MISORA-XMAS,availability,CROSS_SERVER_MAPPING,台服「美空（聖誕節）」＝日服「ミソラ（クリスマス）」為同一角色聖誕版本,ANALYTICAL_JUDGMENT,B,ev101;ev102,YES,YES,ACTIVE,2026-08-08,2026-09-30,03;18;23;25,以兩個官方host的角色名及聖誕節／クリスマス版本後綴交叉比對；無官方跨服對照聲明故上限B
CLM-LOC-VIOLET-ISANAMI,availability,CROSS_SERVER_MAPPING,台服「薇歐莉特（黃泉鯨命）」＝日服「ヴァイオレット（イサナミ）」為同一角色同版本,ANALYTICAL_JUDGMENT,B,ev103;ev104,YES,YES,ACTIVE,2026-08-08,2026-09-30,03;18;23;25,以台服與日服官方host的角色名、版本後綴及限定登場資料交叉比對；水堇僅為社群俗稱，無官方跨服聲明故上限B
CLM-LOC-LABYRISTA-ALPHA,availability,CROSS_SERVER_MAPPING,台服「拉比林斯達（始源）」＝日服「ラビリスタ（アルファ）」為同一角色同版本,ANALYTICAL_JUDGMENT,B,ev105;ev106,YES,YES,ACTIVE,2026-08-08,2026-09-30,03;18;23;25,兩服官方正文同指角色劇情解鎖之同一活動第2話與終幕／エピローグ，並有相符角色名與限定版本；無官方跨服聲明故上限B
